customer_id,age,gender,region,education_level,employment_type,annual_income,loan_amount,loan_purpose,credit_score,repayment_history,transaction_count,spending_ratio,join_date,default_flag
1,56.0,Male,South,Graduate,Salaried,422151.83435433515,383125.5951121089,Business,552.8478732650617,1,70,0.8623851451021574,2019-10-27,1
2,46.0,Female,West,Secondary,Salaried,791060.1116475506,364126.9981467217,Other,450.35647816449625,4,38,0.7133530603124654,2018-07-03,0
3,32.0,Male,North,Post-Graduate,Salaried,775209.3585059588,259012.89919227455,Education,716.7932427186793,0,70,0.6462491620539141,2021-01-27,1
4,60.0,Female,East,Primary,Salaried,,308246.8008135174,Home,678.9011969894922,5,47,0.6516944287264941,2017-04-19,0
5,,Female,South,Graduate,Self-Employed,479203.8748061541,437425.73510592384,Car,731.8576761136235,3,42,0.7787093538773975,2019-12-17,1
6,38.0,Female,South,Secondary,Salaried,554090.2689279306,50083.39037805254,Education,679.8277227325141,1,23,0.27484390506587497,2019-10-11,0
7,56.0,Male,West,Graduate,Salaried,272103.16749491316,197584.1009174566,Education,850.0,3,39,0.5533280264958792,2020-01-23,0
8,36.0,Male,East,Graduate,Salaried,521505.77878782543,134114.68768656388,Other,718.4429702262644,4,38,0.687963796782531,2021-09-05,1
9,40.0,Male,East,Secondary,Salaried,799314.1021158894,306872.9678089186,Home,664.2441817933868,5,61,0.6107743115514945,2018-03-11,0
10,28.0,Female,East,Graduate,Salaried,506700.92415436043,434533.32634761813,Car,726.9890453077493,2,46,0.7829453497163061,2019-05-31,1
11,,Female,East,Primary,Self-Employed,728095.9590401647,160453.8569918389,Education,665.7060162494955,3,76,0.25059019630794604,2018-05-13,0
12,41.0,Other,North,Post-Graduate,Unemployed,561899.3788004378,50000.0,Car,707.434418729119,0,53,0.6834907276494162,2019-03-17,1
13,53.0,Male,East,Post-Graduate,Self-Employed,664811.4056443122,188166.88824632947,Business,602.6015850211332,1,23,0.5738194112693025,2018-01-08,1
14,57.0,Female,South,Primary,Salaried,370461.72203686653,387021.059802611,Education,699.3131838512315,0,75,0.46541260478596036,2019-10-06,0
15,41.0,Female,South,Graduate,Self-Employed,617041.8899267802,330644.48544248194,Education,661.771808317186,3,57,0.43819248756382156,2022-09-28,1
16,20.0,Male,North,Secondary,Self-Employed,100000.0,314227.93717158644,Business,610.1810699705056,5,26,0.634582842941935,2018-09-08,0
17,39.0,Male,South,Graduate,Self-Employed,562620.7683676031,208001.00471882804,Other,850.0,2,67,0.8236967622509854,2022-10-12,1
18,19.0,Female,South,Primary,Salaried,273905.35125697195,58145.38956703205,Education,613.3011704047867,2,26,0.5473231482707807,2021-09-19,0
19,41.0,Female,East,Graduate,Salaried,841198.9033093632,327294.1482436701,Car,700.557137875355,0,69,0.7773062148538441,2018-10-08,1
20,61.0,Female,South,Post-Graduate,Salaried,755481.4705529022,124857.72849480629,Home,635.7753572040995,4,71,0.48150946729077726,2021-10-27,0
21,47.0,Male,North,Graduate,Salaried,693334.1963932163,577614.5100070684,Car,723.76315767039,4,45,0.27167612395522356,2017-12-17,0
22,55.0,Female,East,Primary,Salaried,904201.245431876,335576.08125317737,Other,598.0491892424866,5,45,0.243054015521047,2020-12-12,0
23,19.0,Male,West,Post-Graduate,Salaried,410216.69583503256,162902.75461690733,Home,767.2285459148441,2,73,0.23593405992657432,2020-01-13,0
24,38.0,Male,East,Graduate,Salaried,949472.6395831116,158292.21289170577,Car,850.0,0,38,0.4661050993703689,2019-03-11,1
25,50.0,Male,North,Graduate,Self-Employed,786438.312852077,236058.36900796177,Car,632.8368610319465,0,28,0.43606642558508946,2022-05-30,0
26,29.0,Female,East,Post-Graduate,Salaried,552688.9425562108,214074.71169673753,Business,797.3575090145057,0,39,0.7025559165357986,2017-09-01,0
27,39.0,Female,East,Secondary,Salaried,827124.0294365888,417525.06632949313,Other,,3,61,0.7199750511094061,2021-12-23,0
28,61.0,Female,North,Post-Graduate,Unemployed,378741.29751767317,277962.42546160694,Business,820.4632896860869,5,64,0.23559777818361788,2020-12-17,0
29,42.0,Male,East,Secondary,Unemployed,435097.16769446526,140255.2391637208,Home,850.0,4,69,0.3547862840223105,2019-08-28,0
30,44.0,Female,North,Primary,,478282.0553520599,533566.1027733674,Business,681.3035990633233,4,35,0.39198329511122976,2017-07-08,1
31,59.0,Male,North,Primary,Unemployed,494204.45838719694,257396.2497280334,Other,578.3787135284279,3,73,0.5833283888999665,2020-07-13,1
32,45.0,Female,West,Post-Graduate,Salaried,1166065.4143438484,730651.902790669,Education,775.8467509948872,1,36,0.3011606567348652,2020-10-21,0
33,33.0,Male,South,Post-Graduate,Unemployed,844616.613419065,158766.0238832861,Education,717.9533766355293,3,41,0.29375885358000026,2016-02-15,0
34,32.0,Male,South,Primary,Salaried,548229.1199260337,304467.3441616785,Home,740.1432934222113,5,32,0.8606522224455706,2019-06-13,0
35,64.0,Male,East,Secondary,Salaried,670500.9936713759,296666.4986714793,Education,672.8123966524507,0,31,0.7629420351084466,2018-12-07,0
36,61.0,Male,East,Primary,Salaried,485929.72671726387,50000.0,Business,629.2405745071441,3,29,0.32645843146381925,2022-02-23,0
37,20.0,Female,West,Post-Graduate,Salaried,235879.33989029657,552291.266569096,Home,792.827854477358,0,20,0.48459746553384364,2021-11-01,1
38,54.0,Female,West,Primary,Salaried,654011.4716782845,443596.6691383821,Other,725.5831995644826,5,51,0.44893539948029587,2017-06-26,0
39,24.0,Male,West,Post-Graduate,Self-Employed,217549.00491604465,190420.70257810186,Home,584.515437265302,5,49,0.7537028518457851,2019-12-22,1
40,38.0,Female,North,Post-Graduate,Self-Employed,586273.1907829063,84659.53893162168,Home,754.9500178562315,2,27,0.5571490415346854,2021-10-19,0
41,26.0,Male,West,Primary,Salaried,326336.9922334379,302134.2420705328,Car,738.8934878373201,0,40,0.2894948158954269,2021-06-15,0
42,56.0,Female,West,Secondary,Salaried,997455.1998461615,263004.6549121595,Car,673.9760860541148,4,41,0.7172944442093707,2018-07-01,0
43,35.0,Female,East,Graduate,Self-Employed,782272.5444349444,303350.3422844844,Home,829.5850587393858,3,37,0.47782158475744324,2018-12-04,0
44,21.0,Female,West,Primary,Self-Employed,621150.758254296,278736.60942911345,Education,650.5461470122189,5,21,0.38404697334250293,2022-05-29,0
45,42.0,Male,North,Graduate,Salaried,852741.3355309337,325936.1483958889,Car,686.4810801476127,0,67,0.4628490354145041,2018-03-22,1
46,31.0,Female,North,Primary,Self-Employed,430736.8045068529,467095.854908771,Other,761.4918470374558,1,63,0.5484295945248274,2020-01-28,0
47,26.0,Female,East,Graduate,,708695.8757340186,335215.48076929693,Business,706.1410360264578,2,28,0.4401808614919066,2021-03-23,1
48,43.0,Male,West,Secondary,Salaried,639962.0867437427,92551.67516350883,Car,589.2461476513251,1,22,0.3693340408142305,2020-04-22,0
49,19.0,Male,West,Secondary,Unemployed,652804.016266734,454384.4279068678,Home,714.7039498394744,5,73,0.47895142016278625,2018-05-16,0
50,37.0,Female,North,Primary,Salaried,854470.7000213536,496092.1845232431,Education,666.8488166427813,1,45,0.21342103752492877,2022-08-24,0
51,45.0,Female,West,Post-Graduate,Salaried,746498.4205559604,722808.5101768128,Business,768.559699593301,1,40,0.7407484922674197,2020-11-01,0
52,64.0,Female,West,Graduate,Self-Employed,657744.7325650046,81475.89501406031,Car,712.0974675196112,2,49,0.3196614254973101,2022-04-28,0
53,24.0,Female,West,Post-Graduate,Self-Employed,269022.5127543408,286432.30197254126,Education,707.5606122437913,2,47,0.2307332295414461,2017-08-02,0
54,61.0,Female,South,Post-Graduate,Salaried,407990.7409441073,50000.0,Education,616.1399069024759,2,55,0.6575890850335554,2022-08-01,0
55,25.0,Male,East,Post-Graduate,Salaried,,332972.3734568814,Education,681.5979753668796,2,45,0.7417552901765705,2019-12-13,0
56,64.0,Male,South,Secondary,Salaried,618674.4748553303,167769.95527498412,Home,777.6080875210123,1,53,0.7696803921149902,2017-11-28,0
57,52.0,Male,East,Primary,,373959.2550652152,538516.869223743,Other,637.8770924366903,4,27,0.5454564278624199,2021-05-30,0
58,31.0,Female,North,Primary,Salaried,1082335.3351156842,133807.7544972127,Education,697.3959821529829,4,29,0.3437577292829897,2022-10-26,0
59,34.0,Male,West,Secondary,,903278.8110507146,50000.0,Business,625.0843158680792,2,67,0.7160593740748786,2017-12-26,1
60,53.0,Female,East,Secondary,Unemployed,720423.6640784967,179310.43889462206,Car,605.2925887158665,3,74,0.6897991540080359,2016-10-12,0
61,57.0,Female,South,Primary,Salaried,,50000.0,Business,693.2112764008518,0,62,0.3723895138722213,2021-03-06,1
62,21.0,Female,West,Post-Graduate,Salaried,557558.2060197697,362664.9181760965,Home,713.904093190187,5,69,0.832385429103955,2017-07-23,0
63,19.0,Male,North,Graduate,Salaried,409616.3079955529,50000.0,Home,850.0,3,73,0.2730600206579803,2021-05-18,1
64,23.0,Female,East,Graduate,Self-Employed,615496.1037037725,254268.63717747384,Business,663.5631692923033,5,33,0.8878817677139279,2020-02-22,0
65,59.0,Male,East,Graduate,Salaried,651550.5080285501,50000.0,Other,695.9864585892894,3,59,0.8021734676842251,2017-05-12,1
66,21.0,Female,East,Post-Graduate,Salaried,351647.8849036751,201955.3293195037,Home,599.994118562326,3,74,0.6815290518353526,2021-04-01,0
67,46.0,Male,West,Primary,Self-Employed,666835.2834489795,496506.7233706801,Home,748.9792011925531,4,34,0.857124921795883,2017-12-05,1
68,,Male,South,Secondary,Salaried,568948.1902350503,304097.18371536926,Business,731.8475823482624,0,36,0.7056178178265955,2019-09-18,0
69,43.0,Female,South,Primary,Salaried,,120475.9592552599,Home,819.0715742153143,3,72,0.3333198979210321,2017-07-15,0
70,61.0,Male,East,Post-Graduate,Salaried,427922.99784409965,245319.4766591374,Other,,2,37,0.5095092966789683,2021-06-21,0
71,51.0,Male,North,Secondary,Salaried,517278.8933156711,252702.530806667,Other,728.1125335073826,5,51,0.25005211703214475,2016-02-01,0
72,27.0,Female,North,Post-Graduate,Salaried,977537.5314680381,320894.55187651084,Other,,4,57,0.47276019560168075,2016-02-12,0
73,53.0,Female,South,Graduate,Salaried,711310.6249067517,50000.0,Car,716.3734750312049,5,42,0.719122113816046,2021-03-31,0
74,31.0,Female,North,Graduate,Salaried,332903.68618002173,338885.0910770996,Other,691.1189230294591,2,65,0.4705103456515722,2019-10-06,0
75,48.0,Female,South,Post-Graduate,Salaried,697207.2578835274,50000.0,Other,776.2718026590384,2,42,0.4312059228276939,2021-01-19,1
76,32.0,Female,East,Secondary,Self-Employed,290539.20221232687,155517.31714542845,Car,766.0985191969975,3,54,0.6167490057572182,2017-07-12,0
77,25.0,Male,South,Secondary,Unemployed,816538.2107774147,176758.9236322683,Education,676.2867645076195,2,58,0.8105431702992265,2022-05-06,1
78,31.0,Male,South,Primary,Self-Employed,505775.0696364243,344999.0239106858,Home,583.0404976138498,0,34,0.23330823478227872,2019-12-07,0
79,40.0,Male,East,Graduate,Self-Employed,581272.7622521658,253394.62790153036,Other,806.6709840176339,2,72,0.4698293042898148,2018-07-31,0
80,57.0,Female,North,Primary,Salaried,865159.329508438,50000.0,Home,746.5499165458564,3,43,0.3107685192706839,2020-05-17,1
81,38.0,Female,South,Primary,Unemployed,342567.28628314997,102251.03112744773,Business,674.4407943541864,5,47,0.6867479755123087,2019-10-02,1
82,33.0,Male,South,Post-Graduate,,320576.36297740176,279802.001432111,Home,743.4298678482937,2,35,0.27400719230179443,2021-04-12,1
83,62.0,Male,East,Post-Graduate,Unemployed,483280.134730799,238139.89872031656,Car,705.9889045000024,4,35,0.6653654310061712,2020-06-24,0
84,35.0,Female,North,Primary,Unemployed,,163131.383554638,Home,805.4894340975579,4,59,0.40032660955853516,2021-09-15,0
85,64.0,Male,South,Graduate,Self-Employed,296130.7849046315,177874.9315732031,Home,545.6175814555979,4,58,0.3392417696160573,2016-04-01,0
86,41.0,Female,East,Post-Graduate,Unemployed,100000.0,354425.19957389333,Home,668.2247226789254,5,25,0.8554467904774898,2021-01-17,0
87,43.0,Female,South,Primary,Salaried,509768.2283182002,172346.11406961782,Education,827.9243612382951,1,21,0.21296720372216912,2016-07-03,0
88,42.0,Female,West,Primary,Salaried,710348.1599821841,236786.313395639,Education,745.055872277385,4,73,0.5064440903226983,2017-12-28,1
89,62.0,Male,East,Primary,,840052.3499477658,575490.4882120814,Business,841.8085334651366,4,32,0.21513889472325565,2018-11-17,1
90,58.0,Female,North,Primary,,507367.7275829202,50000.0,Car,602.2554325469229,1,63,0.5385151336730303,2020-04-20,0
91,46.0,Female,North,Primary,Salaried,517714.6785767995,50000.0,Home,785.775737275079,5,66,0.5507331644560927,2022-08-16,0
92,32.0,Female,North,Primary,Self-Employed,830780.1468511494,367538.449719791,Home,,4,78,0.4251637299763229,2018-04-11,1
93,62.0,Female,North,Post-Graduate,Unemployed,226051.66006091586,148203.54080588452,Home,,3,28,0.29251324426751657,2016-12-10,0
94,18.0,Female,South,Graduate,Salaried,,202264.37083860696,Home,676.3598168373533,5,53,0.4634712764141327,2019-12-13,0
95,42.0,Female,South,Primary,Self-Employed,638084.7779850116,132826.54328033287,Education,691.4776715844733,4,36,0.6705840579527962,2019-05-04,0
96,24.0,Male,North,Secondary,Unemployed,689843.7442570068,211029.97888487313,Business,570.4355176986076,4,46,0.7476770660511214,2021-10-26,0
97,26.0,Female,North,Post-Graduate,Unemployed,498038.6613618235,489780.7168144512,Other,678.0318138783649,1,48,0.5715254216716996,2016-06-15,1
98,41.0,Female,North,Post-Graduate,Unemployed,606888.2023411683,370319.2687927179,Car,769.8546512622885,3,56,0.6128840761078289,2016-09-20,0
99,18.0,Male,South,Primary,Salaried,102334.5293174021,379333.52678304655,Home,668.7261552380207,5,62,0.34043145978725686,2020-02-04,0
100,,Female,North,Post-Graduate,Unemployed,468350.3175332303,50000.0,Business,719.3706524539222,2,41,0.4011312332593546,2019-05-16,0
101,25.0,Female,North,Primary,Self-Employed,690701.7425108935,77326.93951706961,Other,719.9496226182122,0,70,0.3133269270366509,2019-07-10,1
102,41.0,Female,West,Graduate,Salaried,403541.1931490641,50000.0,Business,699.0285271088987,3,43,0.37450674500322795,2020-03-09,1
103,,Male,West,Graduate,Salaried,611796.8443179195,128592.8768375869,Education,643.5854380779657,2,26,0.3574207461578722,2020-12-13,0
104,34.0,Male,North,Post-Graduate,Self-Employed,,393505.47795784875,Other,752.7051179907119,3,53,0.5636141504738663,2021-02-20,0
105,25.0,Other,East,Post-Graduate,Salaried,,327541.9773622556,Business,573.0372990779207,2,67,0.5938821290535106,2020-10-15,0
106,52.0,Female,North,Secondary,,634092.7541993142,216773.0105571814,Education,700.6870510806546,2,31,0.861463194575053,2021-03-24,0
107,52.0,Male,West,Post-Graduate,Self-Employed,407453.4869430775,246654.95744229204,Business,810.838907241447,3,42,0.33689945297106616,2019-08-28,0
108,50.0,Female,East,Secondary,Salaried,558677.7440607906,146667.16861368917,Business,664.2101400127028,1,34,0.6491729971130471,2019-04-12,0
109,22.0,Female,East,Graduate,Salaried,722043.2339178445,280713.83236026764,Other,,3,52,0.7720814882912659,2022-10-14,0
110,59.0,Female,North,Graduate,Self-Employed,631394.5921936869,364881.7419220922,Education,758.0412911020302,3,76,0.5921690246481368,2018-02-06,0
111,56.0,Female,West,Primary,Salaried,482693.7460872129,50000.0,Home,713.0745408469705,2,32,0.378502556750753,2016-04-10,0
112,58.0,Male,West,Graduate,Salaried,644843.2808581586,294947.1531756022,Car,759.6357825645546,0,42,0.3837851610140002,2020-09-28,1
113,45.0,Male,East,Secondary,Salaried,742921.9581273235,389865.2306432001,Other,703.0798788556218,2,57,0.22747713714969994,2021-04-03,0
114,24.0,Male,North,Post-Graduate,Salaried,190011.74428450438,187734.95665549458,Education,508.93660393990564,4,51,0.4138109585839372,2022-04-10,0
115,26.0,Female,South,Primary,Unemployed,831814.8129911795,355105.09181808756,Business,794.3930728340559,3,64,0.721222575302366,2019-10-03,1
116,25.0,Male,South,Secondary,,532749.0522637856,672198.166670883,Education,850.0,5,69,0.23326243004497726,2016-04-14,0
117,29.0,Male,West,Post-Graduate,Self-Employed,685097.9866480461,234348.5810519662,Car,802.723280546903,3,54,0.35350669775338145,2017-11-24,1
118,51.0,Male,South,Primary,Salaried,839449.3847290456,308996.05750079855,Car,416.89138199441925,1,20,0.6943627489722473,2020-08-17,0
119,50.0,Female,West,Graduate,Salaried,325665.2605539068,139291.43745079127,Home,736.0870570004453,5,66,0.7478560939760137,2019-08-03,0
120,40.0,Female,West,Secondary,Self-Employed,458111.79951449065,277187.67439030757,Home,662.6603351539964,2,77,0.5187228870433499,2018-12-06,1
121,41.0,Male,West,Post-Graduate,Self-Employed,542290.260824859,319040.7437473456,Car,613.2604997110633,1,64,0.6886520369350542,2018-12-02,0
122,54.0,Male,South,Primary,Salaried,443249.2957751143,279226.3510405207,Other,709.8185729310618,3,24,0.4715665180584244,2018-03-28,1
123,52.0,Female,West,Primary,Salaried,946987.3151673616,97045.70204367148,Other,688.0842164080224,2,76,0.31193927151688927,2022-03-18,0
124,61.0,Male,East,Graduate,Salaried,428645.5812346415,280954.2656988176,Business,740.6926243423873,2,32,0.47870464546603453,2020-03-16,0
125,57.0,Male,North,Post-Graduate,Salaried,488890.6441026267,469329.3908076455,Home,704.5264151444363,4,73,0.6059774741421999,2021-12-31,0
126,39.0,Male,North,Graduate,Self-Employed,640877.8063205953,317295.3646771791,Business,610.3350314488819,4,24,0.8636372972970232,2018-06-08,0
127,44.0,Male,West,Graduate,Salaried,,394298.0783607762,Home,653.8718578605623,0,79,0.24812566646207412,2021-02-20,0
128,52.0,Male,North,Post-Graduate,Salaried,520863.8576487472,214448.20449810586,Car,640.9633154939987,4,51,0.5551758656914725,2021-02-16,0
129,18.0,Female,South,Post-Graduate,Salaried,663490.652250035,362485.0359135566,Other,562.6813458604443,5,70,0.4302438447475071,2018-02-28,0
130,52.0,Male,South,Post-Graduate,,533427.9191234978,291890.1757324789,Other,590.2684284836894,2,40,0.5558181859936862,2017-07-06,0
131,54.0,Female,North,Secondary,Unemployed,581322.6282200103,107363.39054691521,Car,683.1145064091845,4,43,0.21678281316357217,2018-04-23,1
132,64.0,Male,South,Post-Graduate,Salaried,494133.5775103258,297778.1507198312,Business,813.9003260245823,0,79,0.41911774829110693,2017-10-20,0
133,31.0,Female,North,Primary,Self-Employed,297105.9381638466,101245.50048395342,Business,657.1554336240964,3,37,0.7739077032689035,2018-10-15,1
134,20.0,Female,North,Graduate,Salaried,664318.6422678477,155067.9587672812,Education,639.4055380197768,5,40,0.5877592136982462,2021-05-07,0
135,18.0,Male,North,Secondary,Salaried,950986.6143294483,278399.2460938561,Home,605.497055466174,4,73,0.5154077449712822,2019-04-05,0
136,22.0,Female,West,Post-Graduate,Self-Employed,603680.3261566876,294586.6410070186,Business,702.4429195996281,2,29,0.3998675502007377,2018-01-20,1
137,43.0,Male,North,Secondary,Unemployed,645052.8234495099,71615.13023843063,Car,794.34074676881,3,43,0.4086297659539491,2022-04-15,0
138,31.0,Other,West,Post-Graduate,Unemployed,738544.5510233719,408097.86567743146,Business,850.0,2,59,0.4681710035134091,2018-02-13,0
139,56.0,Male,North,Secondary,Salaried,346133.9006906602,335800.9417450709,Other,722.8319501377349,3,66,0.7848994969751923,2019-10-12,0
140,,Male,North,Graduate,Salaried,940502.931625921,144290.7346583674,Home,711.1994994109148,5,40,0.8770492447657878,2017-11-22,0
141,26.0,Male,North,Graduate,Self-Employed,640465.7592845605,50000.0,Education,656.5221514197166,2,44,0.5070587669452622,2017-12-19,0
142,32.0,Other,South,Primary,Salaried,926371.3798178218,228264.3131377853,Home,669.8746702807191,4,71,0.47534698712343326,2016-08-21,1
143,32.0,Female,West,Primary,Salaried,453393.4008952021,183108.44292082597,Other,750.3340072840563,4,79,0.7925855430739039,2021-09-02,0
144,43.0,Female,West,Post-Graduate,Salaried,963612.3845115649,266971.0685579534,Other,674.8099734349537,0,76,0.4988337244454125,2019-11-05,1
145,59.0,Male,North,Graduate,Self-Employed,755031.0988069567,195532.50082666503,Other,687.0174042266069,3,78,0.5864127206069558,2018-10-02,0
146,30.0,Female,North,Secondary,Salaried,710608.0171704717,50000.0,Other,697.972218019966,0,42,0.3616591652191211,2019-10-01,0
147,49.0,Male,South,Secondary,,646804.8908706296,191747.95925482624,Car,652.7337511274019,1,41,0.7204517750453527,2019-11-02,0
148,56.0,Female,South,Secondary,Unemployed,550294.2763851101,204157.13333975305,Education,694.0016592737959,4,23,0.5723918227895473,2021-08-26,1
149,,Male,South,Primary,Salaried,840106.3316947746,345049.1537161088,Other,538.4475096967359,3,53,0.7663241851682392,2022-04-11,1
150,21.0,Male,West,Secondary,Salaried,628071.9739696094,145270.04880834254,Other,743.906870641477,5,75,0.7465129110200688,2017-12-17,0
151,47.0,Male,West,Primary,Salaried,206586.05928256956,501801.2010058849,Business,850.0,0,25,0.35050333778902,2020-04-11,0
152,54.0,Male,West,Primary,Salaried,376562.7076585995,50000.0,Education,655.8365107869547,5,47,0.7009448853904336,2020-09-07,0
153,40.0,Female,North,Post-Graduate,Salaried,562830.8495614505,446675.12467039365,Home,729.9069716001336,5,50,0.7600380855659599,2019-05-10,0
154,,Male,West,Secondary,Salaried,661999.796633111,216352.15436828427,Education,768.1261056196947,5,54,0.4422750685476765,2019-06-25,0
155,62.0,Female,East,Secondary,,,378937.7308515334,Education,802.4172218173969,0,58,0.32082637903159217,2021-12-05,1
156,32.0,Male,East,Graduate,Salaried,843794.1579587327,261970.22260880997,Education,,1,61,0.20184250890571173,2016-01-09,0
157,60.0,Female,South,Post-Graduate,Unemployed,209779.62719227502,420933.3304038204,Other,555.7346197049025,0,42,0.5156325571652037,2017-08-20,1
158,46.0,Male,West,Graduate,Salaried,628717.587301032,191895.7053170783,Other,721.3785560679011,2,25,0.4467029120771891,2016-01-23,0
159,53.0,Male,East,Post-Graduate,Salaried,236404.15492256905,85206.93622332817,Car,710.2902952523542,4,35,0.5884368836777862,2021-06-13,0
160,30.0,Female,South,Secondary,Salaried,751942.4590968337,463075.64309065946,Home,672.3466900259198,0,21,0.33162876481215003,2022-04-06,0
161,49.0,Male,West,Primary,Salaried,581108.2571115994,232977.90311767883,Business,689.3190301692528,0,43,0.8017658833665327,2020-05-27,1
162,24.0,Male,North,Primary,Self-Employed,683921.9944048236,283233.7710436316,Education,711.4944356014184,1,36,0.38042865093967676,2021-09-05,1
163,39.0,Female,East,Primary,Salaried,427223.40788204677,435212.7871067193,Home,728.9409593683081,2,64,0.358500723561355,2019-01-09,0
164,45.0,Female,North,Primary,Salaried,855892.9863315502,95206.71368583475,Home,725.5847768191934,0,20,0.5364998395390492,2022-02-24,0
165,19.0,Male,West,Primary,Self-Employed,,339323.6346458886,Car,682.5851472399097,4,25,0.549195716620992,2016-04-01,0
166,59.0,Male,East,Graduate,Unemployed,716708.8606023776,161515.78653056634,Business,730.7423067988761,4,24,0.35055966014956497,2018-04-30,0
167,62.0,Female,West,Post-Graduate,Self-Employed,574096.5506273118,230174.59665334423,Education,677.1975321380111,0,76,0.39030250870814104,2021-06-05,0
168,,Male,North,Secondary,Salaried,715971.4570590265,260841.84480764333,Business,751.3620401228255,5,64,0.31879366740867143,2019-01-12,1
169,45.0,Male,East,Graduate,Self-Employed,458621.4864025302,50000.0,Car,649.80457316188,5,79,0.7029221248262167,2016-10-26,0
170,45.0,Male,North,Post-Graduate,Salaried,771111.1318041424,133174.4435769348,Other,705.844655371965,2,74,0.7390623218778574,2022-06-01,1
171,61.0,Female,West,Primary,Salaried,929896.1788647842,452660.9338619709,Home,570.1009134306216,4,69,0.5236299482214979,2020-01-17,0
172,61.0,Female,West,Post-Graduate,Salaried,814122.1119958372,382928.6782877194,Education,,5,48,0.6998609158795122,2019-07-28,0
173,37.0,Male,North,Post-Graduate,,454079.5060385181,240604.06340091478,Other,745.3990976903983,4,31,0.7151547743562119,2018-09-27,1
174,47.0,Male,East,Primary,Salaried,672283.4634546206,286468.51877693395,Car,617.3012106633545,2,58,0.29679286937446603,2018-12-18,0
175,,Male,North,Primary,Salaried,341371.69124827045,205863.62415453134,Business,674.3919618919933,2,66,0.8763246173841757,2019-09-27,1
176,45.0,Female,West,Primary,Self-Employed,714478.0622351351,453487.5078741973,Home,507.5944360071833,5,22,0.7747223629675017,2022-07-17,0
177,42.0,Male,North,Secondary,Salaried,690120.6825725078,219947.1133308754,Education,590.5540713174408,0,67,0.34313842283707646,2021-10-10,0
178,56.0,Male,West,Primary,,226036.7320935672,284776.3138202272,Other,611.4820355108878,3,20,0.33031552502224915,2018-02-14,1
179,50.0,Female,North,Secondary,Salaried,367643.23121752724,421904.52162130974,Other,708.140084061731,1,46,0.28796280190570794,2019-12-23,1
180,18.0,Male,East,Primary,Unemployed,543372.2206512466,133394.277273114,Home,726.672720991417,3,67,0.2968649937793429,2020-08-08,0
181,44.0,Female,East,Secondary,Salaried,,483818.3776745341,Business,695.5155547247842,3,43,0.7237132593200872,2020-10-17,0
182,30.0,Male,North,Post-Graduate,Salaried,358104.61291623896,50000.0,Car,669.3925293690097,4,63,0.5287579798661365,2022-04-22,1
183,58.0,Male,North,Graduate,,,494446.31966691976,Business,669.6718601321002,2,38,0.7480539209179071,2021-01-25,1
184,20.0,Male,East,Post-Graduate,Self-Employed,650294.7217881024,194098.6624072038,Business,757.2836599232395,4,78,0.7223784260451438,2021-03-12,0
185,56.0,Female,West,Post-Graduate,Salaried,561146.1736042962,213595.18782620772,Business,717.0255877506443,5,27,0.6232288994536551,2020-09-25,1
186,23.0,Female,East,Primary,Self-Employed,448841.6999683274,50000.0,Home,673.284352295571,1,74,0.6804566246050756,2019-08-20,0
187,25.0,Female,West,Secondary,Self-Employed,,181780.79239334608,Home,803.4639596193007,5,63,0.21284900706539928,2017-09-06,0
188,44.0,Male,North,Graduate,Self-Employed,931081.422617659,94029.02034596735,Car,850.0,0,66,0.41824435276351535,2016-09-01,0
189,26.0,Female,North,Primary,Salaried,503287.7032306926,158853.0481939791,Business,600.3406039813063,1,21,0.646475525481587,2018-01-26,0
190,54.0,Male,West,Primary,Self-Employed,477566.61656903586,229403.35513166807,Home,741.8008056168409,4,49,0.20654146744037094,2018-04-03,1
191,50.0,Male,North,Primary,Salaried,698241.5330823993,393668.74217093585,Car,850.0,4,49,0.2230838605778154,2021-01-20,0
192,59.0,Female,West,Post-Graduate,Salaried,528394.1240506028,281140.50271009386,Car,722.4164432840156,5,68,0.7963215877292682,2019-12-06,1
193,61.0,Male,South,Secondary,Salaried,572120.5598673532,296151.4980101671,Business,709.2354108931421,4,58,0.6788174031844503,2019-05-25,0
194,41.0,Male,East,Secondary,,747930.6303449343,85672.09167316565,Education,695.5412848085109,4,64,0.38575881318424077,2017-05-30,1
195,32.0,Male,South,Graduate,Salaried,218128.78249854146,117886.88655959046,Business,739.2145213992593,3,51,0.6815739880830962,2017-04-18,1
196,49.0,Male,West,Secondary,Self-Employed,863660.4649705339,519808.7527526968,Education,760.3919333239907,0,20,0.7547196683974842,2016-02-05,0
197,49.0,Male,East,Secondary,Salaried,614536.1048658682,139719.844785513,Car,600.4186500664654,3,57,0.4147559981770709,2019-11-11,0
198,41.0,Female,West,Primary,Salaried,517701.3710875639,498431.23780859436,Home,697.8813097368937,4,32,0.22522616424943123,2020-11-27,0
199,58.0,Male,East,Primary,Salaried,582153.1691557103,213540.82016787003,Other,518.4401708402072,2,30,0.8529453872814141,2020-09-30,1
200,29.0,Female,East,Post-Graduate,Salaried,1777457.6130123115,500686.38084305124,Car,683.25467067028,3,29,0.44162588680694137,2018-04-09,1
201,56.0,Female,East,Primary,Unemployed,253759.73931101494,410554.77403448947,Home,627.7849124942342,4,67,0.27453723429929444,2018-12-28,0
202,19.0,Male,East,Primary,Salaried,898987.6454906472,440783.8632907985,Car,727.1342063308388,4,78,0.5442998099752032,2022-08-10,1
203,20.0,Male,West,Primary,Salaried,608265.1264541236,233378.11595813688,Business,567.4895578287179,0,45,0.7379274569648937,2019-03-31,0
204,54.0,Male,East,Primary,Salaried,2065801.2782684253,383527.08394353837,Education,659.0146151632724,5,75,0.3551531202322914,2020-10-28,0
205,34.0,Female,East,Post-Graduate,Salaried,790309.9541148086,241611.93272166804,Car,777.323540041649,1,74,0.38864303509335435,2018-08-02,1
206,19.0,Male,South,Primary,,1187302.52546382,601387.2584696355,Home,645.89334788446,3,39,0.3699004907590082,2020-02-20,0
207,19.0,Female,North,Graduate,Self-Employed,694694.3798070457,383695.5530304633,Business,547.6051378065691,3,36,0.8941711369821748,2017-03-06,1
208,45.0,Male,North,Graduate,,546471.7818202412,250634.47884912274,Other,720.6026522503188,3,36,0.3381826136113798,2021-07-15,0
209,40.0,Female,South,Graduate,Salaried,769354.1550432987,342832.944703473,Business,653.0776805525891,4,23,0.6028641518762867,2018-05-08,0
210,,Male,South,Graduate,Self-Employed,174554.51592970092,495753.9598406411,Education,685.1291651141682,0,24,0.847685249159875,2016-08-17,0
211,49.0,Male,West,Primary,Self-Employed,580181.1399517462,307196.4418397177,Business,641.6104330829926,4,79,0.3028275982144455,2022-08-14,0
212,50.0,Female,West,Graduate,Self-Employed,479435.86884320766,296747.92840071674,Other,850.0,4,42,0.8795979385073902,2016-06-26,1
213,18.0,Female,West,Primary,Salaried,686452.5901268311,50000.0,Home,575.354181131719,5,65,0.8632340640769371,2019-12-04,0
214,36.0,Male,South,Post-Graduate,Salaried,694008.8374736405,50000.0,Car,850.0,2,71,0.8192003909407837,2020-06-01,0
215,19.0,Female,South,Graduate,Salaried,458474.8210355948,308256.3593845252,Education,668.7490775398918,0,29,0.35018956493100156,2020-10-29,0
216,61.0,Female,East,Secondary,Self-Employed,,235776.36530786916,Other,714.6757260974508,3,65,0.6438385392076883,2020-11-09,0
217,43.0,Female,West,Graduate,Self-Employed,577866.9262885341,172782.5987627887,Education,654.0162865916413,1,47,0.732624031072868,2018-09-01,1
218,49.0,Female,West,Graduate,Salaried,420671.55453695834,286529.5306279517,Business,650.6693152115637,3,52,0.8902195497375007,2016-03-22,0
219,23.0,Male,West,Primary,Salaried,768396.7390904254,240939.44062046375,Education,637.2136077253894,4,62,0.3262966754569593,2018-04-25,0
220,49.0,Male,North,Graduate,Unemployed,526158.5599105108,419167.03759508475,Other,748.1006369634908,0,45,0.7362181296635075,2019-05-01,1
221,21.0,Male,East,Secondary,Self-Employed,100000.0,262916.6302388467,Car,587.1360245098355,0,74,0.43716081894897907,2017-09-09,0
222,28.0,Female,West,Primary,Unemployed,525035.5886756388,137961.50723947486,Car,729.1286835394135,0,69,0.32293852589760164,2022-03-13,1
223,34.0,Female,West,Primary,,392291.2358312055,398524.9358438933,Education,525.2405811958553,2,67,0.49496385884969846,2022-05-26,0
224,55.0,Male,West,Post-Graduate,Salaried,273744.8369078109,217430.3387580696,Home,721.8823016913411,3,48,0.7556851385040315,2017-03-20,0
225,,Male,North,Post-Graduate,Salaried,352514.6723554855,328980.5025508461,Education,,2,46,0.5253948625928365,2018-07-11,1
226,22.0,Female,North,Graduate,Self-Employed,621881.694366594,178388.39407107994,Business,598.0384714154104,5,37,0.5762661701421339,2016-07-11,1
227,51.0,Other,South,Post-Graduate,Salaried,865728.1656496462,152525.96717538455,Car,754.2994081374995,1,59,0.8966115871400848,2020-07-20,0
228,23.0,Female,East,Post-Graduate,Salaried,662636.894772996,262625.2345278544,Car,704.1108328499457,5,79,0.4793765096901982,2016-10-15,0
229,39.0,Male,South,Post-Graduate,Self-Employed,478699.32235685206,251924.29653155277,Car,827.8741164286272,4,29,0.6307805282964678,2019-03-13,0
230,28.0,Male,East,Primary,Salaried,691180.8390341406,321974.05530502496,Home,631.5834894151128,2,77,0.4556709411307603,2019-12-01,0
231,33.0,Male,North,Primary,Self-Employed,508181.9379562016,209703.1370035386,Home,850.0,2,61,0.47494995243009347,2021-01-08,1
232,50.0,Female,West,Primary,Salaried,461079.9261673711,50000.0,Other,508.737427653981,5,24,0.6869485274117857,2021-05-24,0
233,26.0,Male,South,Post-Graduate,Unemployed,369127.4663534031,185083.91746174172,Education,673.63969594911,4,29,0.8565208832664184,2018-06-14,0
234,23.0,Female,West,Primary,Salaried,249634.23864965618,369072.77007157233,Education,564.1144231501653,0,69,0.579651265344625,2018-07-08,1
235,33.0,Male,South,Post-Graduate,Salaried,522015.258688111,205393.58811353403,Business,848.0843341479813,4,40,0.7378799502641458,2021-07-27,0
236,46.0,Female,North,Primary,Self-Employed,631610.6979840264,213042.48962281778,Car,679.0639204947331,3,43,0.2624445911718747,2020-04-01,0
237,20.0,Female,North,Primary,Salaried,580675.265997022,397956.47588589054,Home,686.2651938104574,5,57,0.34781062620234887,2020-08-27,1
238,37.0,Female,North,Secondary,Self-Employed,516806.6144105283,143204.01591116158,Business,735.459047846817,4,22,0.5514921486436727,2021-08-22,1
239,53.0,Male,South,Graduate,Self-Employed,410850.7878606438,50000.0,Business,699.615585093817,0,59,0.21400820654014235,2020-09-21,0
240,36.0,Male,East,Post-Graduate,Salaried,721649.2383369937,225905.33207117586,Home,652.4990754878933,4,50,0.3769984851337912,2022-07-15,0
241,43.0,Male,South,Secondary,Salaried,336573.616010683,177373.90731268947,Education,599.4682199496762,2,60,0.5621809028774762,2021-03-12,0
242,20.0,Female,East,Primary,Salaried,755205.5827686951,105063.05203701189,Car,713.4810721866743,1,56,0.2104728387794105,2020-12-04,0
243,36.0,Female,South,Post-Graduate,Salaried,399556.5962146551,223693.2316151964,Education,730.3066906151582,2,21,0.3851824003582292,2016-11-07,0
244,37.0,Female,South,Primary,Unemployed,449512.952529393,323725.84708701755,Business,755.6301789121384,1,21,0.5598215736331087,2019-02-01,1
245,49.0,Female,North,Graduate,Self-Employed,306642.9618768646,248606.71576482765,Car,,4,58,0.601204473586872,2016-12-04,1
246,24.0,Female,West,Secondary,Self-Employed,499719.5706228727,296047.16090293566,Other,526.0984876468806,3,68,0.8480261851387139,2022-06-05,1
247,58.0,Male,West,Graduate,Self-Employed,795062.4916955958,522011.15477731347,Business,694.5826242117836,4,61,0.6517419362754255,2016-12-24,0
248,50.0,Female,East,Secondary,Salaried,703125.6176887912,198568.1707663654,Education,795.3390268657142,0,63,0.4903150617709956,2022-01-25,1
249,57.0,Male,West,Primary,Unemployed,795684.4224056071,291752.29519670043,Education,690.0382060448908,4,53,0.8512458239931475,2019-03-18,0
250,56.0,Male,South,Graduate,Self-Employed,704428.5091867872,173617.99561012982,Education,512.9462037045384,1,61,0.7494180883714561,2018-02-06,0
251,35.0,Female,South,Graduate,Self-Employed,379266.03429392615,123046.04201695406,Home,596.7168340120063,2,39,0.3400062447789233,2021-09-20,0
252,57.0,Male,North,Primary,Self-Employed,533842.1551344885,162263.85198733452,Business,726.2855879741855,3,52,0.2915896529441738,2016-07-20,0
253,,Male,North,Graduate,Salaried,443960.17417650745,178186.21427174672,Car,,4,23,0.673068145019913,2020-08-19,1
254,28.0,Female,West,Post-Graduate,Self-Employed,866114.980807808,303921.36963206885,Education,753.8015758672817,4,64,0.5919182159038887,2017-04-08,0
255,45.0,Male,East,Secondary,Salaried,360642.2707147377,602361.3680051137,Education,637.5192845161453,2,63,0.7527715296549289,2017-03-24,0
256,42.0,Female,West,Secondary,Salaried,778739.5378778222,142593.48455862395,Home,720.7906587935438,3,30,0.7171635350550805,2018-07-01,1
257,40.0,Male,West,Secondary,Salaried,778590.7740217538,187506.20415768062,Car,624.330935368294,5,61,0.6376480737002606,2018-03-08,0
258,48.0,Male,West,Post-Graduate,,965924.0403432174,240531.54803331275,Business,720.7966394914953,4,66,0.8904675201402246,2018-03-04,1
259,47.0,Male,West,Secondary,,518062.6814741005,309369.82730646204,Other,704.2569757682832,4,24,0.573512811077286,2017-03-12,0
260,,Male,South,Primary,Self-Employed,742464.4319160325,289532.6217932177,Home,634.3311983869677,5,44,0.2791740295512039,2021-03-31,0
261,52.0,Female,East,Graduate,Self-Employed,1056330.3673077687,442614.3690922176,Business,824.654690461015,1,68,0.7797914953711917,2020-11-08,1
262,24.0,Male,South,Post-Graduate,Salaried,476471.66461326065,50000.0,Other,563.549123987009,1,79,0.3762973536419963,2017-06-14,0
263,33.0,Female,East,Secondary,Unemployed,,50000.0,Education,688.6703213591578,0,56,0.7441115037007429,2017-07-18,0
264,43.0,Male,North,Primary,Salaried,223997.99321844726,175618.27419847762,Education,632.5675548540552,2,53,0.8699749672000359,2020-06-08,0
265,19.0,Female,West,Graduate,Salaried,742542.4057722662,414595.02813155635,Car,846.7361628685019,3,28,0.6877568597750389,2019-07-20,0
266,18.0,Female,South,Graduate,Salaried,223369.95838828327,50000.0,Other,747.8718406096335,4,25,0.6172211126648608,2016-07-31,0
267,29.0,Female,East,Post-Graduate,Self-Employed,525536.1894124155,50000.0,Education,648.0551699703689,4,37,0.5222703229725284,2018-08-06,0
268,22.0,Male,North,Post-Graduate,Self-Employed,687462.6374077922,335676.9109328813,Education,677.6227768543702,0,33,0.45508690619678227,2019-02-01,0
269,54.0,Male,North,Post-Graduate,Salaried,637035.1073659828,286548.5835554072,Car,848.9005899184423,4,38,0.4471033256802854,2016-07-10,1
270,49.0,Male,West,Primary,Salaried,685088.9728368345,86468.73898008553,Business,624.2979494615976,2,33,0.6454608939967135,2019-11-04,0
271,26.0,Female,East,Primary,Self-Employed,644457.9711601709,102169.0598918605,Education,558.8441462215553,0,59,0.7258911818564222,2021-06-13,0
272,58.0,Male,South,Post-Graduate,Salaried,855773.1626626786,104538.44205479883,Home,723.2805489971051,2,36,0.6749619486390901,2019-01-09,0
273,52.0,Female,West,Secondary,Self-Employed,409536.7238522406,266580.297621091,Home,725.0912293926256,0,79,0.3388870708354939,2017-12-05,1
274,36.0,Female,South,Graduate,Unemployed,464600.97230829374,156052.70857254896,Business,753.2827658711888,4,54,0.5457910261004438,2017-07-02,1
275,33.0,Male,North,Graduate,,445468.11094583524,324109.5878463279,Other,753.8100608697562,0,48,0.7541480505281442,2021-02-04,1
276,20.0,Female,South,Primary,Salaried,766038.362372522,50000.0,Car,841.656452058704,1,61,0.5329928547323394,2016-06-02,1
277,37.0,Male,South,Graduate,Self-Employed,780079.7176790127,121472.2202308301,Home,562.5490007699171,3,36,0.5756362958148457,2020-07-23,0
278,,Male,West,Secondary,Self-Employed,690245.0638637017,81091.90586334246,Home,603.7757444283734,4,78,0.7397952337195755,2017-07-24,0
279,,Female,South,Graduate,Salaried,836698.7333779855,211548.89824412618,Business,752.976266715695,5,62,0.662885714385564,2020-11-19,0
280,41.0,Female,West,Primary,Unemployed,364391.8265247239,169292.8362264792,Other,611.5499598628447,3,27,0.4865414446176748,2022-04-06,0
281,28.0,Female,North,Primary,Salaried,933444.8223102274,369676.566984365,Other,583.472962139251,4,20,0.8267888978359532,2022-08-18,0
282,25.0,Male,West,Secondary,Salaried,904647.7243424517,50000.0,Business,849.2675641828216,3,64,0.31379694806443503,2018-03-15,0
283,53.0,Male,West,Secondary,Self-Employed,747124.3994491494,256823.7214496128,Home,570.404629466857,1,72,0.8968615140132272,2018-03-09,1
284,55.0,Female,East,Graduate,Self-Employed,956359.781754212,333750.4634817558,Car,671.8982370311484,3,55,0.2831968049333661,2017-09-02,1
285,57.0,Female,South,Graduate,Salaried,268675.3584644452,528497.1154842932,Home,695.2506039014877,0,26,0.21046497977296724,2020-12-11,0
286,37.0,Female,North,Primary,Self-Employed,495110.37274746964,177735.10433597874,Other,804.7309313570622,3,65,0.8230132308041354,2016-05-22,1
287,52.0,Male,West,Secondary,,452939.3078636095,298668.79065287753,Home,550.4957553374023,4,24,0.37146745585616925,2016-09-28,0
288,42.0,Female,North,Secondary,Salaried,744295.8647514686,50000.0,Car,733.2380121204999,5,43,0.7107897392127047,2020-04-04,0
289,52.0,Male,East,Secondary,Salaried,389971.8520795709,50000.0,Education,628.7698353391938,5,47,0.7677107624524484,2022-10-09,0
290,42.0,Male,South,Graduate,Self-Employed,751499.029867497,376716.15636725497,Home,750.208897007396,2,62,0.8012904737224817,2021-09-24,0
291,,Female,West,Secondary,Salaried,874107.2287993426,249165.9559527894,Business,627.4553819178512,3,36,0.8941159649649166,2021-11-12,0
292,35.0,Male,South,Primary,Salaried,739040.5800167999,426776.90346976346,Education,825.7845004948622,5,56,0.4058277970279993,2021-10-12,1
293,63.0,Female,East,Primary,Salaried,656750.2047323002,50000.0,Business,627.9223985258996,3,39,0.6971703393490813,2022-09-26,0
294,35.0,Male,East,Graduate,Self-Employed,1207275.9954595505,655970.6418586257,Business,503.04162352880667,5,22,0.2807799007965798,2017-04-03,0
295,,Male,North,Post-Graduate,Self-Employed,430629.80677492707,530322.676081578,Business,636.8920600206959,3,56,0.4847665039497946,2020-10-04,0
296,52.0,Female,West,Graduate,Self-Employed,849923.7810593334,312955.8412535899,Home,679.0959911544884,4,45,0.7935801853188131,2019-12-03,0
297,33.0,Female,North,Post-Graduate,Salaried,755869.8007810665,291487.2258386573,Other,786.5883098529847,3,34,0.45736063224137585,2017-05-20,1
298,,Female,East,Secondary,,592196.0961244912,251283.41212365247,Education,599.3268135548063,4,70,0.6137667663749298,2020-09-05,0
299,53.0,Female,South,Graduate,Salaried,516418.0908468219,50000.0,Car,600.9083098308739,4,67,0.5526414106072438,2019-01-01,1
300,50.0,Female,North,Primary,Self-Employed,194838.42537772463,453335.94035655225,Other,,2,27,0.6521660717784314,2016-03-24,1
301,21.0,Female,North,Secondary,Unemployed,385829.51626311225,158371.35402924014,Home,589.9819905630235,5,32,0.8810260725713863,2016-02-28,0
302,,Female,South,Primary,Salaried,982283.8174279446,325672.4884574525,Business,685.6813246886647,0,67,0.2390148685509815,2018-11-10,0
303,31.0,Male,North,Secondary,Self-Employed,343908.8857995067,50000.0,Car,687.307905322479,4,22,0.6017730622511408,2020-01-21,1
304,38.0,Female,South,Graduate,Salaried,637895.9642442161,73081.05032383295,Education,717.406362907437,5,20,0.8041201454751994,2022-01-13,1
305,37.0,Male,West,Post-Graduate,Salaried,801488.7946390397,465263.1098833353,Other,640.012143169392,1,28,0.5369678982238992,2019-09-14,0
306,25.0,Other,South,Secondary,Salaried,349015.4663995415,197904.65665632355,Other,625.8404490660349,3,50,0.254969030159101,2020-05-15,1
307,24.0,Female,West,Post-Graduate,Salaried,636942.0949562166,467991.32140638167,Car,,1,60,0.5923775466917396,2017-07-29,1
308,20.0,Male,South,Secondary,Salaried,787583.107502131,238265.40114122233,Home,628.3203317464172,3,73,0.4324517235766743,2017-11-10,0
309,34.0,Female,East,Primary,Self-Employed,602499.8643814501,50000.0,Education,591.202464790466,2,45,0.30845924973655514,2016-07-21,0
310,50.0,Female,East,Primary,Salaried,1173680.6111333538,383810.1399597581,Car,,4,36,0.7943241592984311,2019-02-03,1
311,29.0,Male,West,Secondary,Self-Employed,266280.14822436095,161516.15233665885,Business,739.0476305103346,0,75,0.5651196590937851,2016-11-13,0
312,39.0,Female,West,Post-Graduate,Salaried,811745.7059767758,354803.32202755654,Education,,4,53,0.8532934886653467,2019-04-20,0
313,39.0,Female,East,Graduate,Salaried,565439.6525207071,253781.63013101232,Other,762.7174120973557,3,28,0.7642115532221483,2020-06-26,0
314,63.0,Male,West,Graduate,Self-Employed,754384.030967335,50000.0,Car,598.5485078694801,0,75,0.6850802556415672,2020-12-01,0
315,47.0,Female,South,Primary,Salaried,688261.4303398492,274644.21480558533,Other,707.7095392047996,4,70,0.20351785235571837,2017-02-09,0
316,55.0,Male,South,Graduate,Salaried,453368.7605780007,579433.4713229199,Other,618.7497396225403,0,32,0.49947641964677497,2017-11-09,1
317,55.0,Female,East,Primary,Self-Employed,645799.278491868,323947.9687771689,Other,567.8712322625373,3,24,0.3382403971564226,2019-06-24,0
318,62.0,Other,North,Graduate,Salaried,228419.70972034254,241372.33704918053,Home,664.2240485544013,2,60,0.8375585377342074,2021-03-04,0
319,25.0,Female,South,Secondary,Salaried,,411301.51029353467,Other,778.5226300239297,2,32,0.3222087892734522,2020-03-27,0
320,44.0,Male,West,Primary,Salaried,659631.6931981051,281600.2697804666,Business,721.9930168630005,4,20,0.40024203616149984,2020-07-01,0
321,44.0,Female,North,Primary,Unemployed,727732.0337286205,281430.13453941914,Business,588.7284694992983,1,44,0.5617857374141494,2019-09-21,0
322,51.0,Female,North,Secondary,Self-Employed,811623.66501743,86256.22417613462,Education,661.412673982981,3,66,0.3843545332986555,2019-12-16,0
323,38.0,Male,South,Primary,Self-Employed,673523.9680419422,285077.20386843977,Other,688.5706731726416,4,23,0.34690527409538485,2018-04-14,0
324,,Female,South,Graduate,Self-Employed,629617.8839596552,405316.5124625417,Other,564.8710036823325,4,55,0.6193695275719266,2022-02-19,0
325,50.0,Male,North,Graduate,Salaried,423786.3326677416,124590.6771849963,Car,757.0537892198889,2,71,0.2622506659285167,2022-06-13,0
326,45.0,Female,North,Primary,Salaried,457555.8472701898,463674.37318704213,Home,681.7011978992998,0,29,0.24071743110464733,2020-07-26,0
327,,Male,East,Graduate,Self-Employed,,236244.0963782311,Education,588.7524111254354,3,47,0.46057170663025,2021-04-14,1
328,50.0,Male,West,Post-Graduate,Salaried,887267.0811411957,116834.5732692189,Other,584.2261125007146,0,76,0.7044651181555035,2016-10-07,0
329,22.0,Male,East,Primary,Salaried,552377.9127375892,399644.8115380367,Car,788.0531155937289,5,25,0.5883647307917637,2020-12-18,0
330,36.0,Female,South,Secondary,Salaried,609200.5494506548,206980.8646392596,Home,669.5349574283424,5,46,0.4960135279267452,2018-07-21,1
331,21.0,Male,East,Post-Graduate,Salaried,419077.1250012468,363927.2331229162,Education,795.2281623165129,3,75,0.5960260949572076,2017-08-30,0
332,52.0,Female,East,Primary,Unemployed,834551.369053489,206236.20516121943,Education,825.7724383922173,1,31,0.4558160392572915,2017-04-27,0
333,34.0,Male,East,Secondary,Salaried,733083.3647383557,241026.07847051445,Other,781.7958618284739,5,71,0.8553024348024789,2019-05-31,0
334,61.0,Male,East,Graduate,Salaried,988243.4872927498,324034.03065014374,Education,657.3254602706007,2,67,0.23843342363754205,2020-11-07,0
335,45.0,Female,West,Secondary,Salaried,424335.3845640522,293634.55863850086,Car,500.1722304346175,1,22,0.6713740353208846,2021-12-04,1
336,47.0,Female,West,Post-Graduate,Unemployed,,50000.0,Education,725.0397043627863,4,65,0.8238978653794253,2016-07-10,1
337,46.0,Male,North,Graduate,Salaried,646289.1845051144,81813.43898584123,Business,850.0,5,52,0.7627192961146774,2021-07-10,0
338,63.0,Female,South,Primary,,729297.9075451541,389411.4977186223,Car,697.168793746094,2,29,0.32882872437501276,2016-11-02,0
339,23.0,Female,East,Graduate,Self-Employed,556866.4724904735,230179.51166476792,Home,540.8147584960682,4,50,0.40714844428620184,2017-06-15,0
340,52.0,Female,North,Primary,Self-Employed,425407.7819092599,171440.30458428673,Home,646.0097202855906,1,34,0.7019335570949732,2016-05-01,1
341,58.0,Male,North,Primary,Salaried,776281.5057847142,50000.0,Other,685.3013380186557,3,26,0.2589893914265359,2017-08-14,1
342,54.0,Male,North,Secondary,Salaried,744227.0725091163,88039.55180862275,Other,612.1609146064162,4,55,0.7683031898828088,2020-01-15,0
343,41.0,Female,West,Secondary,Salaried,416745.179887255,50000.0,Business,494.8836825616089,0,33,0.7032348612233532,2016-02-28,0
344,46.0,Male,East,Secondary,Salaried,871088.5602210992,234807.89219477007,Home,692.17193838279,3,75,0.7107246544647399,2022-06-06,0
345,63.0,Female,East,Post-Graduate,Salaried,834039.7418393207,160234.36291284295,Home,637.2099002913899,3,67,0.270168959187314,2020-04-22,0
346,48.0,Female,South,Post-Graduate,Salaried,626859.2994495586,105011.81635220273,Home,841.8153328719932,1,33,0.7024323813713615,2019-02-14,0
347,52.0,Female,East,Secondary,Salaried,615919.5724752073,239781.48622480704,Home,708.0826790386237,1,22,0.6758726876539789,2020-12-15,0
348,50.0,Female,East,Post-Graduate,Salaried,710811.5542231814,304595.5946279107,Education,737.5663117518714,2,68,0.7816457435752953,2020-12-10,0
349,38.0,Other,North,Graduate,Self-Employed,427659.3859487484,563979.6898314918,Car,690.4731085203152,2,72,0.22911716937952867,2017-02-02,1
350,49.0,Male,South,Graduate,Unemployed,606006.2958328164,50000.0,Car,707.4986642539083,0,65,0.21617746792745454,2018-07-30,1
351,40.0,Female,East,Post-Graduate,Self-Employed,169523.29107816395,423907.15649507835,Business,567.8160569310285,3,69,0.4611049699149925,2017-06-11,0
352,50.0,Male,West,Post-Graduate,Salaried,775291.1291005871,395965.2341522608,Education,616.7866955822968,0,22,0.304151798694407,2022-09-11,0
353,20.0,Male,East,Graduate,Salaried,287701.35551162815,133136.08909349493,Home,787.0891761055482,0,41,0.5908691342991553,2020-11-09,1
354,35.0,Female,North,Primary,Unemployed,900683.9656857997,280485.3931879047,Home,716.7569575784157,1,38,0.8421442310547242,2019-11-22,0
355,42.0,Female,West,Graduate,Salaried,533975.98120671,181355.0125993577,Other,668.1194465693989,0,54,0.474035811233811,2020-07-27,0
356,59.0,Other,North,Graduate,Salaried,557666.6036137646,277853.28706281085,Other,738.8936993172699,0,31,0.7914652640908229,2020-03-30,0
357,48.0,Female,East,Post-Graduate,Salaried,474453.21878309886,476369.6520106826,Business,740.4689527872474,4,73,0.20016861216250653,2017-03-11,0
358,20.0,Male,West,Graduate,Self-Employed,,340840.9348946969,Home,850.0,2,24,0.31796025042142895,2018-04-19,0
359,57.0,Male,South,Post-Graduate,Self-Employed,883706.2690296073,326291.2559850163,Business,713.0453075108462,2,29,0.22129647775785993,2016-12-25,0
360,63.0,Female,South,Post-Graduate,Salaried,102438.26869298413,185453.60200680365,Education,614.9993939591759,3,60,0.429703026360548,2019-02-26,0
361,41.0,Male,West,Secondary,Salaried,855393.0772176376,50000.0,Car,690.7442813667466,2,52,0.8357327169875519,2018-05-13,0
362,49.0,Male,West,Graduate,Unemployed,667604.6962203416,218729.76841893882,Home,748.6052501697102,5,32,0.26786648651929146,2020-07-08,0
363,64.0,Male,North,Primary,Salaried,358595.67042855686,430991.2232295873,Education,779.6527209142962,3,54,0.6244868437206603,2020-09-28,0
364,,Male,West,Secondary,Self-Employed,384937.5213901524,50000.0,Home,570.7974502297697,4,70,0.516047157383611,2019-05-30,1
365,40.0,Male,North,Post-Graduate,Self-Employed,2805835.816324922,183473.1895469915,Other,720.2965375593451,2,51,0.8569277486560687,2022-03-11,0
366,19.0,Male,East,Post-Graduate,Self-Employed,410898.62401145376,268940.1604351102,Business,628.2196058001507,4,30,0.2857633997759657,2018-07-04,0
367,44.0,Male,North,Primary,Salaried,369329.8978808081,102301.78227291064,Other,654.6694460304446,2,67,0.34841949535156025,2020-12-03,0
368,59.0,Male,West,Post-Graduate,Salaried,827462.9084729459,131121.48293271812,Car,767.6671699394714,2,57,0.2206793780280453,2021-12-22,0
369,19.0,Other,West,Graduate,Salaried,667710.5752571828,186460.21274077345,Other,759.6998831545519,4,43,0.5037546747419617,2017-01-20,0
370,,Male,East,Secondary,Self-Employed,412414.88469272025,50000.0,Home,645.7478031041953,0,54,0.394483029695258,2019-08-19,1
371,34.0,Male,West,Post-Graduate,Unemployed,,103881.72306754475,Other,687.3726383167933,0,38,0.8089341537232246,2020-12-10,0
372,57.0,Female,West,Post-Graduate,,394849.46327194455,355514.1875180963,Home,657.1134563903317,0,25,0.6234585692384285,2020-05-04,0
373,50.0,Male,South,Primary,Salaried,820164.279684521,53894.53266535539,Car,850.0,5,59,0.6298635165829911,2019-04-27,1
374,26.0,Female,South,Graduate,Unemployed,812274.1929746267,50000.0,Other,722.268653315629,0,73,0.5723374878169116,2020-03-29,0
375,60.0,Female,East,Post-Graduate,Self-Employed,706401.2397643887,155496.25306991587,Business,632.8414726981769,2,64,0.2642952360604407,2017-01-23,0
376,56.0,Male,North,Primary,Self-Employed,,359793.32537647686,Business,805.7733716976901,1,63,0.5115130786077486,2017-12-04,0
377,46.0,Male,South,Post-Graduate,Salaried,952237.6249734748,220461.72880046658,Business,808.596909254664,4,61,0.8996536327959614,2020-10-04,0
378,59.0,Female,North,Primary,Salaried,,180312.83828265726,Other,843.3336568418827,1,54,0.7846605035922103,2018-05-13,1
379,43.0,Female,West,Primary,Self-Employed,363625.1749158398,256653.81962734106,Other,850.0,5,23,0.825421337916981,2018-11-25,0
380,52.0,Male,South,Graduate,Self-Employed,689894.7825664614,50000.0,Other,756.6171906292903,1,52,0.7762584514725497,2016-03-19,0
381,42.0,Female,East,Post-Graduate,Salaried,1017209.4099074227,324205.84806625487,Home,672.0118604977498,3,32,0.2721291854016879,2019-07-22,1
382,41.0,Male,East,Graduate,Salaried,397048.10136282956,307515.25471054664,Car,683.7906585916544,0,75,0.35921377784535974,2019-07-25,0
383,30.0,Other,East,Primary,Salaried,527707.4466612028,188603.72888564182,Business,676.6339758714765,5,55,0.20218515594948674,2017-11-04,0
384,24.0,Male,South,Secondary,Salaried,683289.2076202906,400888.67676946253,Home,667.6995706256779,2,73,0.412457087414678,2022-06-17,0
385,53.0,Female,North,Post-Graduate,Salaried,589219.0301988522,80875.5851570442,Business,799.1949445830872,0,62,0.2760251816425448,2016-07-22,0
386,62.0,Female,West,Secondary,Unemployed,403539.28392453707,419186.34898803534,Home,700.0576725548781,0,38,0.5309553417111081,2018-09-11,1
387,37.0,Female,North,Post-Graduate,Salaried,824371.5712460942,273174.04983928765,Other,777.7137491852965,1,62,0.6739892420017313,2021-05-29,1
388,18.0,Female,North,Graduate,Self-Employed,1064008.1444034518,199517.111518274,Business,754.1213243824792,3,31,0.812153706526654,2016-01-17,0
389,25.0,Male,West,Graduate,Salaried,639226.2918047814,247018.95469475325,Other,612.1076029502333,0,30,0.7244520155636287,2017-04-20,0
390,63.0,Male,West,Graduate,Self-Employed,419186.34205279994,233910.28512835875,Business,562.6258664110173,4,25,0.8570099170449537,2018-10-13,0
391,33.0,Male,South,Graduate,Unemployed,290207.894989305,433042.43446265755,Education,601.0669626651948,4,31,0.23772880327565216,2016-07-28,0
392,31.0,Male,South,Graduate,Salaried,651595.1962442362,88498.13087934797,Home,665.8634905815369,0,46,0.20852588479157902,2017-05-13,0
393,29.0,Female,South,Secondary,Salaried,820775.4686632515,135622.11412801026,Education,710.74624802143,1,60,0.6629366796853489,2017-03-04,0
394,40.0,Male,South,Graduate,Salaried,695033.5492990763,405445.43381087197,Home,648.1359738124493,1,44,0.40254668715557235,2019-08-22,1
395,32.0,Male,South,Primary,Salaried,599519.2318162292,160669.75972242112,Car,756.2452117392882,2,61,0.3774507112740412,2021-10-06,1
396,45.0,Other,West,Primary,Self-Employed,482145.66964213876,385079.96159973874,Business,657.7851844466433,5,22,0.431620961385656,2020-04-02,0
397,51.0,Female,North,Secondary,Unemployed,381567.2734563821,504915.39745130646,Car,720.5565950547156,5,22,0.3888572405246549,2019-05-16,0
398,19.0,Female,South,Post-Graduate,Salaried,766950.2652649764,189730.74595875497,Car,709.406534452951,5,39,0.5580054844111111,2020-03-14,0
399,49.0,Other,South,Primary,Salaried,782754.3242771171,352204.3489862958,Home,838.7546473429909,3,47,0.5081039130568927,2021-02-10,1
400,40.0,Male,North,Post-Graduate,Salaried,290854.04266185337,76946.15779902122,Education,621.9807259919781,1,42,0.5586999859636594,2021-02-19,1
401,39.0,Male,South,Secondary,Self-Employed,917967.7956361368,363209.99471017136,Other,850.0,2,67,0.6708995280503053,2018-06-17,1
402,42.0,Female,North,Post-Graduate,Salaried,714814.2441788003,279913.59789801505,Home,652.4520117808316,4,22,0.4709913562798038,2019-01-11,0
403,39.0,Female,North,Post-Graduate,Salaried,,320955.7423240323,Other,592.7954487711353,5,61,0.3759153809995097,2018-12-03,0
404,39.0,Male,West,Post-Graduate,Self-Employed,331574.450302977,153164.18919469073,Car,682.646800765877,4,43,0.31634037576612184,2020-02-15,0
405,59.0,Female,East,Post-Graduate,Self-Employed,326835.1689169122,50000.0,Other,850.0,4,62,0.4446318836728379,2020-07-25,0
406,23.0,Male,West,Secondary,Salaried,570206.1380465407,325487.8097124257,Education,771.61641880149,0,59,0.7192645326723204,2017-05-07,0
407,,Male,East,Primary,Self-Employed,700556.8853790389,50000.0,Home,748.237128275301,3,25,0.7296934370780286,2017-08-27,0
408,60.0,Female,East,Graduate,Salaried,959272.1645853927,202397.4261636198,Education,763.6149489313216,2,39,0.6668337706789471,2018-08-05,0
409,54.0,Female,East,Post-Graduate,Salaried,,391177.27996299544,Education,638.4325228398154,3,30,0.3638197227148122,2016-10-20,0
410,50.0,Female,South,Primary,Self-Employed,551463.7446375934,278784.66038095544,Home,726.0835501092687,0,51,0.6116603720982884,2019-03-17,0
411,25.0,Male,West,Primary,Self-Employed,394726.15846682154,542251.396718472,Education,700.2001840253698,2,79,0.5994827631037936,2021-07-11,0
412,61.0,Female,East,Secondary,Salaried,846000.11454383,403766.372887266,Business,844.7253398915527,2,46,0.5389863386768079,2016-06-20,0
413,61.0,Male,North,Primary,Salaried,407058.91484985704,151915.24175116353,Business,691.3049826730678,1,40,0.584985290468705,2020-05-05,0
414,22.0,Male,South,Secondary,Salaried,925693.7109544643,254097.0069777158,Business,669.7378764338073,3,63,0.5442534428365676,2017-06-14,0
415,56.0,Female,West,Post-Graduate,Salaried,543123.0700786981,242894.3946183346,Other,606.8160482104702,3,67,0.5958194562518757,2019-02-17,0
416,21.0,Female,East,Post-Graduate,Salaried,918116.4145235701,50000.0,Education,711.2011589500493,1,69,0.7008541682347902,2021-02-02,0
417,23.0,Female,North,Graduate,Salaried,735786.2580118557,108940.16252734701,Home,723.4361466815068,4,32,0.2767397360824078,2020-10-26,1
418,,Female,West,Graduate,Salaried,572600.9021115083,165885.86395302095,Home,603.8729449487586,0,41,0.7247380265043166,2021-10-14,0
419,49.0,Female,West,Graduate,Self-Employed,496120.72563477466,50000.0,Other,736.2530883248461,3,54,0.29512030508931597,2021-12-28,0
420,47.0,Female,South,Primary,Self-Employed,531818.424530784,257124.02023774644,Home,718.6543619035887,1,66,0.2466395988872623,2022-10-29,0
421,64.0,Male,West,Post-Graduate,Self-Employed,685663.3384750475,212639.2233020439,Business,781.0756607907011,2,41,0.8832557803550272,2016-07-07,1
422,52.0,Male,South,Secondary,Salaried,615431.2992435433,50000.0,Education,796.9894494321522,5,47,0.8698942382093089,2016-06-06,0
423,57.0,Male,East,Graduate,,481237.718386259,310631.9297915998,Home,707.5423434891424,1,40,0.24230558145839484,2021-05-24,0
424,33.0,Male,South,Secondary,Self-Employed,566873.7179364735,357380.9117036439,Home,617.0908092694324,5,65,0.5102774090324735,2016-09-02,0
425,30.0,Female,North,Secondary,Self-Employed,615715.4059438299,284055.17182973336,Car,633.5502735564285,4,37,0.3303714568098423,2022-07-05,1
426,59.0,Female,South,Graduate,,174253.1811170376,201389.77371865447,Car,840.9702130463272,0,50,0.5397414279940926,2018-04-29,1
427,47.0,Male,North,Post-Graduate,,691633.6229577397,338716.32276277826,Car,713.2391514498048,5,79,0.7811240700997111,2020-12-15,0
428,36.0,Male,South,Graduate,Salaried,404055.7550566386,352033.0540715037,Education,839.6923023640845,4,65,0.8654282423200232,2018-12-30,1
429,34.0,Female,West,Secondary,Salaried,369333.519358851,296110.5354579532,Business,739.8883854789784,5,56,0.6439768574160761,2019-08-29,1
430,36.0,Male,East,Graduate,Self-Employed,,126308.16243478586,Business,760.2988509742759,2,40,0.44773396704827195,2021-10-27,0
431,45.0,Female,North,Secondary,,241221.50042642193,291490.11482667713,Business,775.0978892990528,2,33,0.6223278959512188,2016-06-17,0
432,43.0,Female,South,Secondary,Self-Employed,328910.4993775422,429322.0976238218,Education,602.1488948472461,2,44,0.41840091427591525,2022-02-05,0
433,54.0,Female,South,Graduate,Salaried,,160505.64120824047,Education,724.5560600090021,2,46,0.8368765485824423,2020-07-09,1
434,,Female,South,Primary,Salaried,990651.8275053136,564690.9008698647,Car,601.040087891035,1,59,0.8092803241740858,2022-04-26,0
435,40.0,Female,West,Graduate,,494824.06482095923,171155.35990219234,Home,677.2070121698029,2,79,0.5907622251957627,2020-02-18,1
436,26.0,Male,West,Primary,Unemployed,1906650.063760819,509722.10400204087,Other,,2,79,0.42735924076625237,2020-11-30,0
437,29.0,Female,North,Secondary,Salaried,680096.2773012657,149127.1605990496,Other,617.9732887574038,1,42,0.4053727729080848,2022-06-02,0
438,,Female,North,Secondary,Salaried,626213.0372431697,283490.62538803916,Home,744.7469859622138,2,50,0.22339259629354163,2017-09-11,1
439,18.0,Male,West,Primary,Salaried,584511.3078548013,50000.0,Car,580.1304811627331,4,66,0.7710745957177065,2022-08-04,0
440,64.0,Female,North,Secondary,Salaried,360941.24728015106,168093.73017749182,Home,791.4655859169255,4,79,0.5152682491273055,2021-12-04,0
441,51.0,Female,East,Primary,Self-Employed,890185.5096558423,86181.81994771492,Home,646.8450254315721,3,48,0.4275930498801851,2016-12-22,0
442,49.0,Female,East,Primary,Self-Employed,961439.3287275771,270300.75218384364,Other,617.8306060624973,4,66,0.5297772484984278,2022-10-22,0
443,42.0,Female,West,Secondary,Self-Employed,263468.26117546286,399167.1063263361,Car,,0,49,0.7731165933182564,2020-08-04,0
444,57.0,Female,North,Post-Graduate,Salaried,395194.2818227241,346900.9280671827,Education,653.6516933729873,0,70,0.2872299453952648,2019-04-26,0
445,62.0,Female,South,Primary,Self-Employed,544037.9315245987,50000.0,Other,547.391055443456,0,45,0.8003591917692792,2019-07-28,0
446,18.0,Female,East,Graduate,Salaried,407092.4410179617,556310.447939182,Education,656.1280688713337,1,39,0.8282561845758478,2020-03-14,1
447,33.0,Female,West,Graduate,,701193.110691173,294291.99109313026,Car,787.9589620266465,4,57,0.8626955405237218,2020-01-29,1
448,56.0,Female,North,Secondary,Salaried,454345.5595186774,133525.12892604998,Home,684.9030720208133,0,38,0.47824159469583943,2021-05-17,0
449,22.0,Female,West,Post-Graduate,Salaried,1033011.2135613204,273569.18784864113,Business,605.7985107274687,3,46,0.3519982828263703,2019-09-23,1
450,39.0,Female,South,Secondary,Self-Employed,838109.7188687192,276428.47337540385,Business,718.1010653255047,1,44,0.46154857292668894,2016-07-17,0
451,46.0,Male,East,Post-Graduate,Unemployed,642514.806126443,149972.69245726545,Car,711.0316620699925,3,59,0.43303846736198226,2020-11-22,0
452,20.0,Female,West,Primary,Salaried,805397.2526639465,279687.5001013113,Business,850.0,4,57,0.323307738752002,2018-12-09,0
453,29.0,Female,West,Primary,Self-Employed,821180.0848714618,158879.15685695392,Education,763.2576814832324,2,71,0.6250866690710415,2019-03-11,1
454,43.0,Male,West,Primary,Salaried,487210.50238835136,189345.7010964966,Business,724.4478501738276,3,42,0.5336369123560403,2020-12-11,1
455,33.0,Female,South,Primary,Salaried,436756.5510916071,147058.12963673734,Car,772.4053238687638,2,48,0.8059906946268025,2020-03-17,0
456,54.0,Male,West,Graduate,Salaried,615628.6125939295,50000.0,Car,689.249514545595,1,34,0.2224767063374408,2016-01-31,0
457,39.0,Male,South,Graduate,Salaried,772327.2248995889,271875.4705323076,Education,693.9669455275041,3,78,0.6507075492885884,2022-07-08,0
458,46.0,Female,South,Secondary,Salaried,627812.0797306835,337794.9154774507,Business,832.7152242745252,3,22,0.7340642149580927,2017-10-21,0
459,31.0,Male,South,Post-Graduate,Salaried,284600.70356180053,327232.53941145586,Business,569.1536778547002,5,29,0.7316405984318148,2022-02-02,0
460,45.0,Female,East,Primary,Salaried,439435.11120983155,372988.7878952852,Home,777.4356410512752,1,34,0.8202517769668676,2022-08-14,0
461,22.0,Female,East,Primary,Unemployed,585205.4272811244,298651.0315022302,Other,691.1366819449779,1,75,0.7103236199806457,2017-06-30,1
462,64.0,Female,West,Post-Graduate,,584866.8791348339,170091.17526746448,Car,676.6808462997318,0,35,0.8494670431533873,2019-02-03,0
463,47.0,Male,West,Post-Graduate,Self-Employed,994508.4353579616,375949.5796646783,Home,655.7683253045029,4,36,0.432859619874624,2021-11-14,1
464,63.0,Male,East,Secondary,Salaried,322802.4115202004,50000.0,Car,712.293921645135,3,38,0.5522465917260801,2022-03-27,0
465,22.0,Female,North,Post-Graduate,Self-Employed,701117.848367175,114899.29262312799,Home,696.5176426796266,3,30,0.2098557642980235,2022-03-24,0
466,29.0,Other,East,Primary,Salaried,897822.621665658,105369.9892865133,Other,666.8238090618427,1,67,0.20487031111230386,2017-01-05,1
467,33.0,Female,South,Primary,Salaried,1054289.9490845592,412008.40887089656,Home,643.787380390668,1,24,0.3680886343160639,2019-01-28,1
468,43.0,Male,East,Primary,Salaried,,391418.27712101134,Car,547.5735638039251,4,24,0.2705650379973597,2020-01-08,0
469,43.0,Female,South,Primary,Salaried,698285.8905440399,323095.7855567492,Business,642.0957004518664,1,77,0.3821479575550275,2020-01-31,0
470,38.0,Female,West,Primary,Salaried,713952.0714397294,410789.47978176957,Car,659.0163882991222,2,33,0.32393030616987817,2021-10-03,1
471,56.0,Female,North,Secondary,Self-Employed,639096.3463106581,118107.5826382018,Education,712.0984857733473,2,69,0.2199640173870538,2022-10-07,0
472,53.0,Male,West,Primary,Self-Employed,580230.9597521388,302289.26797914703,Education,850.0,5,45,0.8365129024842346,2022-06-20,0
473,50.0,Female,South,Secondary,Self-Employed,687195.0779000092,231223.83574252538,Education,650.7235045189265,2,27,0.20575619197222408,2019-02-25,0
474,47.0,Female,South,Primary,Self-Employed,100000.0,377032.3155827371,Education,618.1015317002264,2,24,0.7152575010359599,2021-09-10,1
475,54.0,Other,South,Graduate,Salaried,736413.8980125262,232716.36511717035,Other,642.8403126957521,4,26,0.30650352084366156,2016-04-02,1
476,,Male,North,Graduate,Salaried,625235.5807323934,192258.56673848783,Business,712.2675814081692,3,35,0.83856073539972,2019-07-05,1
477,27.0,Female,East,Graduate,Salaried,555505.020644347,331136.27778414846,Business,747.0908367837018,2,74,0.82495715771292,2021-04-09,0
478,22.0,Female,West,Graduate,Salaried,1009372.4391439116,381425.3750786849,Car,,5,33,0.65773080245848,2019-05-28,0
479,53.0,Male,West,Secondary,Salaried,465013.19624188956,149748.22077297975,Home,766.2166398587412,1,56,0.6705639048604235,2020-04-20,0
480,51.0,Female,East,Secondary,Salaried,519384.8021869938,240838.6492971436,Car,777.538447008958,2,75,0.203737399378782,2017-02-19,1
481,48.0,Female,West,Post-Graduate,Salaried,998310.6604409468,91233.90495375209,Car,677.6893090021464,5,60,0.8894100962795215,2022-08-10,0
482,27.0,Male,North,Primary,Salaried,433587.7390300287,50000.0,Car,850.0,4,23,0.81448282250307,2020-03-24,0
483,36.0,Male,West,Graduate,Self-Employed,489976.9434126922,280068.94471205934,Car,671.6185183072988,1,55,0.8265743580110645,2022-07-06,0
484,49.0,Female,South,Secondary,Self-Employed,570594.91531383,341335.8034381948,Business,708.7472461072728,5,67,0.6614711759356103,2017-11-19,0
485,18.0,Male,East,Primary,Salaried,768146.8964259098,289310.0213630088,Home,803.6661657418153,2,75,0.44135085005817554,2020-07-23,1
486,22.0,Female,North,Primary,Unemployed,,50000.0,Car,745.3140022390213,3,36,0.8255540543633366,2021-08-20,0
487,62.0,Male,East,Secondary,Unemployed,341474.93056954746,197372.58548852883,Business,520.7322604781809,1,66,0.40406184970583464,2020-03-10,1
488,21.0,Female,North,Graduate,Salaried,493566.2873745621,50000.0,Car,,1,55,0.593898080339542,2017-02-22,0
489,33.0,Male,South,Post-Graduate,Salaried,478529.11335755774,455455.1661481277,Education,768.9571804869189,3,25,0.2698116806407177,2019-02-19,1
490,41.0,Female,East,Primary,Salaried,584555.7909553909,87091.8126822871,Car,592.5223776376354,1,35,0.845368941092925,2018-06-29,1
491,33.0,Other,West,Post-Graduate,Unemployed,685168.7317259659,438310.5414189844,Car,760.0554236103189,2,48,0.2985393204398493,2019-09-16,0
492,19.0,Other,North,Graduate,Self-Employed,683641.1511775944,391880.44655262184,Other,731.2123152010763,1,55,0.35742776401128507,2020-04-15,1
493,45.0,Female,East,Graduate,Salaried,244797.6491903196,114911.44711959074,Education,794.7136387081098,2,57,0.5906939106897504,2022-07-23,0
494,49.0,Male,West,Post-Graduate,Salaried,812788.1975121712,80082.25730983826,Home,644.6454942129087,3,56,0.7348651001490871,2017-02-15,1
495,44.0,Female,East,Graduate,Salaried,650513.7691993247,302555.53245795076,Car,779.6714732471396,0,67,0.6335459141554092,2019-06-01,1
496,37.0,Male,East,Primary,Salaried,876906.4095187812,123351.39442253935,Home,712.7686597920665,3,76,0.3624937389601093,2016-06-01,1
497,41.0,Male,East,Post-Graduate,Salaried,688839.6654581344,265372.69632373116,Education,841.2840243241831,2,67,0.20066012976924325,2019-05-20,0
498,29.0,Male,North,Graduate,,820264.5915471525,177575.86137896223,Car,850.0,4,29,0.7300054062152075,2016-04-01,0
499,52.0,Female,West,Post-Graduate,Self-Employed,693309.0622900254,50000.0,Other,823.0664351242042,3,60,0.8896451281377655,2016-11-26,0
500,50.0,Female,South,Primary,Self-Employed,869245.1512405496,50000.0,Business,738.4414942486579,4,55,0.7669391842142632,2020-07-22,0
501,50.0,Female,North,Graduate,Self-Employed,704450.1272035557,284002.63727418956,Other,850.0,4,48,0.5221446327096307,2018-08-12,1
502,60.0,Male,North,Primary,Self-Employed,580416.9507114192,165766.3380504062,Other,748.2782433334387,2,33,0.8326370829793746,2019-06-05,1
503,54.0,Male,North,Graduate,Salaried,1054486.9440893764,167036.52746288016,Business,,2,23,0.486893371182845,2016-07-12,1
504,29.0,Other,South,Secondary,Self-Employed,777807.4244559784,354379.57586406777,Business,696.858135443874,0,63,0.5674538589704272,2017-06-13,0
505,,Male,West,Graduate,Salaried,714748.8842008826,426016.34149486676,Business,760.9337749036001,5,75,0.5339908371769783,2019-06-20,1
506,18.0,Male,West,Post-Graduate,Self-Employed,344739.1166923328,209118.2917957286,Car,766.0763324496052,1,61,0.5133367108658675,2020-01-13,1
507,50.0,Male,West,Graduate,Salaried,342338.4765072925,198910.19396352078,Home,609.9788088153872,3,55,0.7426335385057339,2017-09-30,1
508,57.0,Female,East,Primary,Self-Employed,,325021.4549670826,Home,612.5174170832262,2,69,0.5687382350886444,2020-05-29,0
509,27.0,Female,East,Primary,Salaried,629104.2395536482,50000.0,Business,672.6952123032121,3,64,0.42170198541765125,2020-05-16,0
510,60.0,Male,East,Graduate,Salaried,477175.48699833674,283472.95821215457,Other,742.7634890764953,5,32,0.3807107173609348,2022-05-24,0
511,61.0,Male,South,Post-Graduate,Salaried,628196.539922412,332782.89577332314,Education,753.0050039903936,5,65,0.22642312187720337,2017-11-28,0
512,46.0,Female,East,Secondary,Salaried,917725.3856087192,352034.5312626444,Business,711.3044099283849,4,37,0.6082366133181322,2021-08-07,0
513,30.0,Female,South,Post-Graduate,Self-Employed,739080.4949100597,50000.0,Other,633.2457013185882,1,52,0.360972990780724,2020-08-28,1
514,29.0,Male,West,Secondary,Self-Employed,371798.29804945237,135796.7095286589,Other,838.9554354415442,0,40,0.30369374541146815,2017-06-23,0
515,48.0,Female,East,Primary,Salaried,577698.2345714113,118260.51207648,Car,614.2353550525568,3,35,0.6576809746793744,2016-11-25,0
516,63.0,Male,East,Post-Graduate,Salaried,439006.70382948784,264983.04316138197,Car,804.1872595883009,1,34,0.6768464804750842,2017-04-14,0
517,19.0,Male,North,Secondary,Salaried,522460.0167182878,322111.68696519756,Home,759.1058626760292,0,73,0.7265084245803661,2017-06-17,1
518,52.0,Female,South,Graduate,Salaried,517276.8668740714,474506.5611168972,Home,802.4265843097382,3,76,0.552503827437014,2021-05-16,1
519,40.0,Male,West,Primary,Salaried,504470.88347919896,175755.17794478906,Education,664.4453365661666,1,24,0.8258382236427206,2017-04-11,1
520,34.0,Female,North,Graduate,Self-Employed,348972.92560532107,175364.12525361794,Education,688.5876641528637,2,25,0.8554399273787594,2022-10-03,0
521,43.0,Male,North,Primary,Salaried,574469.063696362,422450.80283181206,Education,704.4034045824835,3,57,0.7651596578547426,2018-01-31,0
522,,Male,West,Post-Graduate,Salaried,487878.472630538,294486.5407795458,Education,661.8881791518788,1,22,0.6449154374057311,2018-10-02,1
523,46.0,Other,North,Post-Graduate,Salaried,100000.0,440147.7266781961,Other,718.0206762796079,5,67,0.41260466751383207,2018-06-09,0
524,43.0,Male,South,Primary,Salaried,1010594.4049003326,293309.20045147545,Other,826.3271564856966,0,31,0.8880614451341549,2022-06-13,0
525,27.0,Female,South,Primary,Salaried,817753.9308433344,76432.50719300937,Home,596.2532922265622,1,55,0.39189531703435687,2021-05-09,0
526,43.0,Male,East,Primary,Self-Employed,524739.8550150008,50030.74678332903,Car,647.4230633431127,2,52,0.3418598453933017,2022-07-09,0
527,,Male,North,Post-Graduate,Salaried,603763.8099481197,50000.0,Car,638.7403745034995,3,55,0.5095078796506078,2018-08-11,1
528,58.0,Male,East,Secondary,Salaried,365669.1305364877,349307.775213771,Business,692.4465390291161,3,52,0.23978839949867192,2019-12-14,0
529,24.0,Female,North,Graduate,Salaried,939144.575562173,428289.5234630512,Other,689.1578984816904,3,50,0.8849461252702535,2020-07-30,0
530,21.0,Male,South,Graduate,,979457.7389546223,527404.3212079571,Education,761.7851667552565,2,40,0.6119034894914974,2018-04-11,0
531,62.0,Female,South,Post-Graduate,Salaried,631338.7456493049,376465.799848486,Education,702.69784823371,0,46,0.5898664641649227,2018-04-23,0
532,28.0,Male,South,Graduate,Unemployed,804706.1288370689,424425.7866302479,Business,724.2306621375442,3,46,0.6590573959298038,2022-04-16,0
533,46.0,Other,North,Primary,Self-Employed,635057.3557867848,162997.5501019473,Car,731.87584364096,0,27,0.5479165534440447,2019-08-12,0
534,53.0,Male,South,Secondary,Salaried,332654.9122248139,76537.62748842148,Education,719.632324896465,1,75,0.22244446196617912,2016-07-02,0
535,42.0,Female,North,Graduate,Salaried,,377511.89986263297,Car,756.2650449166074,5,56,0.6286179021882777,2019-07-07,0
536,38.0,Female,East,Secondary,Salaried,626385.5933543914,312652.1128359101,Business,690.2141294293804,5,51,0.7013217138695014,2020-08-17,0
537,53.0,Female,North,Primary,Salaried,509090.4562513112,266116.6561511339,Car,831.7094716859998,0,45,0.4917243424368372,2022-02-11,0
538,27.0,Female,East,Graduate,Self-Employed,556269.3445129928,308105.72209494846,Car,850.0,0,21,0.7301069004498351,2019-12-03,0
539,54.0,Female,North,Post-Graduate,,1745160.2654945315,596955.6447374618,Car,756.4984779813656,5,31,0.35890090953689446,2020-12-01,0
540,26.0,Female,East,Secondary,Salaried,583824.3004269077,442572.52897803416,Education,718.2392930967249,3,41,0.35489361374632883,2017-09-18,1
541,41.0,Male,South,Primary,Salaried,610451.6980994967,444247.8377225434,Home,749.9665847453795,4,36,0.3129918913813018,2021-08-17,0
542,52.0,Male,East,Secondary,Salaried,387878.9867206798,331633.052851052,Other,611.9173531293085,4,26,0.4603963318524133,2018-02-21,0
543,52.0,Female,South,Graduate,Self-Employed,456596.77017441276,376870.4308844392,Car,714.4084373972332,2,62,0.7929084247723583,2020-02-16,0
544,53.0,Female,South,Graduate,Self-Employed,343083.14686000615,327109.38286371634,Car,641.4940314441113,5,23,0.7795384435043451,2020-11-19,1
545,35.0,Female,East,Post-Graduate,Salaried,795563.1099372401,180824.54019480717,Car,740.7981533792264,5,56,0.46797694557445263,2018-02-13,0
546,56.0,Female,North,Primary,Salaried,178870.6116319351,363484.701236971,Home,641.8912553618283,2,57,0.6123831151861656,2020-10-25,0
547,49.0,Male,North,Primary,Self-Employed,830718.0686633851,50000.0,Business,672.4178043712883,4,51,0.704571421532441,2021-02-06,1
548,41.0,Male,West,Post-Graduate,Salaried,877269.8794525687,408083.73284438247,Education,,1,30,0.36884474223961605,2018-10-03,1
549,40.0,Female,North,Post-Graduate,Salaried,1618691.647810427,141643.1180701895,Home,606.1403448041865,3,20,0.317698760126323,2017-11-07,1
550,49.0,Male,West,Primary,,100000.0,292870.49301920994,Car,728.3899042348837,3,44,0.8804671952486176,2021-01-04,0
551,54.0,Male,North,Secondary,Self-Employed,527737.8876065419,123226.90623607616,Home,630.4923137345256,1,61,0.632290119246733,2016-07-29,0
552,29.0,Female,North,Secondary,Salaried,587163.1677422362,333008.347461164,Home,785.1019187028461,1,71,0.8869910052835648,2019-08-29,0
553,30.0,Male,South,Post-Graduate,Salaried,397880.3560142173,244911.21611081366,Home,623.688872926935,4,43,0.4364291909925604,2020-06-15,1
554,40.0,Female,West,Secondary,Self-Employed,496956.32123835146,50000.0,Business,736.2603601028617,2,72,0.692122189981892,2019-09-22,0
555,42.0,Male,North,Primary,Salaried,,313104.9446527718,Other,639.0499496822594,1,62,0.3558225455788664,2017-05-04,0
556,52.0,Female,West,Graduate,Salaried,732985.4324603482,163311.8834750934,Education,730.8375820026821,2,75,0.38284011989173905,2019-11-27,1
557,58.0,Male,South,Graduate,Salaried,,382172.0081220054,Business,577.2170136723888,0,36,0.5583314848887369,2016-07-09,1
558,47.0,Male,South,Secondary,Salaried,280480.16608091356,250198.8533101611,Business,663.7453619496354,3,27,0.4237326878556499,2018-04-22,1
559,34.0,Male,West,Post-Graduate,Self-Employed,534596.5364780457,309313.14780820574,Other,632.3029371769812,4,78,0.31733509468840915,2016-11-30,1
560,37.0,Male,South,Post-Graduate,Salaried,557308.6441299124,106364.65674771823,Business,770.6586060247184,3,64,0.3840164913925282,2020-06-30,1
561,42.0,Male,East,Post-Graduate,Salaried,699239.8374726633,161600.1652858957,Home,736.9809971563363,4,46,0.22502387612610525,2019-01-15,0
562,,Male,East,Post-Graduate,Salaried,492936.6574864682,181204.2045848373,Home,601.3939156307614,0,71,0.6930965350342406,2017-08-01,1
563,30.0,Female,South,Post-Graduate,Self-Employed,702299.9150723723,378505.37203638337,Car,,3,37,0.5444816599601031,2016-03-02,1
564,36.0,Male,East,Secondary,Self-Employed,,501606.5631708234,Business,638.2145725821732,0,46,0.26597014648316797,2017-01-21,0
565,53.0,Female,North,Graduate,Salaried,763100.2044888525,129224.23723856856,Car,776.0205755094834,4,41,0.32018579518994383,2019-03-15,0
566,29.0,Female,West,Graduate,Salaried,,411527.221698652,Education,801.7219318123151,1,35,0.27177417667885084,2022-01-09,1
567,58.0,Female,North,Secondary,Self-Employed,563369.9057893411,50000.0,Home,584.6683882791349,3,21,0.6288149657931135,2017-09-10,0
568,36.0,Male,West,Post-Graduate,Salaried,528665.3731640257,70871.5898361566,Education,,0,24,0.2659472545287457,2020-08-10,1
569,29.0,Female,South,Secondary,Self-Employed,836128.1824904289,106183.23157198378,Other,634.1363144593832,5,37,0.7279976331246512,2021-02-20,0
570,26.0,Male,North,Graduate,Self-Employed,474537.3108097394,50000.0,Home,679.7666581824544,3,22,0.21435764352427383,2022-02-03,0
571,24.0,Male,South,Primary,Self-Employed,609044.5417999965,50000.0,Education,702.5803383248766,3,46,0.37456305159712444,2017-05-01,0
572,45.0,Other,South,Secondary,Salaried,610239.580376217,311949.83682066965,Other,845.3284930844378,3,73,0.823466673124335,2019-07-01,0
573,31.0,Male,West,Post-Graduate,Salaried,499643.16143769363,217889.8453408208,Education,619.6920218375292,2,36,0.7029719226855722,2017-06-24,0
574,48.0,Female,West,Graduate,Self-Employed,325506.89042317984,306910.80964076647,Other,766.7799778114642,0,35,0.2510778330479814,2020-03-15,0
575,36.0,Female,West,Graduate,Salaried,664594.9007235336,353570.90291822696,Other,,0,25,0.7747882731396258,2021-08-22,0
576,64.0,Female,North,Graduate,Salaried,587799.2056289233,289842.54897588,Home,600.7525132127413,3,70,0.5451245850781433,2016-05-30,0
577,33.0,Female,East,Graduate,Self-Employed,700048.093887314,348664.4764225561,Car,702.2770758735325,1,26,0.7927481190181804,2018-12-09,0
578,22.0,Male,West,Post-Graduate,Self-Employed,493279.9387121666,239570.1570636596,Other,,3,69,0.6205178421152754,2019-05-23,0
579,52.0,Male,West,Primary,Salaried,844164.2597626096,71950.99175413832,Other,,2,33,0.6772831224230011,2018-09-17,1
580,29.0,Female,North,Graduate,Salaried,424645.24375763105,408672.1271231194,Home,792.7677031500398,4,57,0.8954510922769956,2017-01-06,0
581,42.0,Male,West,Secondary,Salaried,942408.0568035785,161633.18008283095,Car,528.8708700455319,2,59,0.3626348821468127,2019-02-10,0
582,38.0,Male,North,Primary,Self-Employed,250472.69803434768,109660.55518563613,Business,688.3250051109359,1,34,0.6367619023329718,2022-04-18,0
583,53.0,Male,South,Graduate,Unemployed,686954.0129113782,223312.31862934027,Business,806.2092361284244,3,66,0.5222249730401789,2021-10-01,0
584,40.0,Male,West,Primary,Salaried,,113078.36210552303,Car,850.0,0,66,0.227616367045884,2019-02-27,0
585,33.0,Male,West,Secondary,Salaried,440888.5864118235,187385.44270158518,Education,670.9560109049136,5,67,0.21012944905200553,2016-07-11,0
586,56.0,Male,South,Graduate,Self-Employed,684878.7875722025,301608.08823452,Home,585.364073310633,3,52,0.2834600044725011,2018-12-16,1
587,,Female,South,Secondary,Salaried,855903.7339520317,302251.26088691904,Car,803.2438580614366,1,62,0.6543642183769837,2021-11-14,1
588,59.0,Female,South,Post-Graduate,Salaried,156636.2321291871,115325.49003615559,Business,769.212524009621,0,46,0.5970141615393745,2016-07-16,1
589,56.0,Female,West,Graduate,,700548.961498163,176844.1940576883,Other,660.880616833722,2,48,0.5874006928146092,2022-01-03,0
590,31.0,Male,East,Graduate,Salaried,101345.83593398449,411149.9507155366,Business,650.7410033432635,4,76,0.22229973376978207,2020-05-17,0
591,48.0,Male,East,Graduate,Self-Employed,406867.03929535835,324460.01766009117,Other,642.6086269072455,4,56,0.528512097452005,2020-05-19,0
592,22.0,Male,East,Graduate,Salaried,925833.272980189,561259.7559022813,Home,672.4330771412293,3,24,0.84723597248977,2017-11-14,1
593,52.0,Female,West,Post-Graduate,,483643.5933215892,427019.2260612291,Other,725.2854513921304,2,48,0.4783143085174526,2016-11-28,1
594,40.0,Female,South,Graduate,Self-Employed,1095672.0213546164,843287.9205679817,Car,654.7188333810583,5,51,0.6374457288519194,2019-05-28,0
595,46.0,Male,West,Primary,Salaried,560412.4542030636,50000.0,Other,664.8335779550208,5,79,0.7458730729362004,2019-11-22,0
596,60.0,Female,South,Graduate,,1013581.2676327104,364579.0527450134,Education,751.302321552846,1,72,0.7487476953993213,2019-09-27,0
597,28.0,Male,West,Post-Graduate,Salaried,233663.55055879476,242033.9797454634,Car,581.4068687152902,4,25,0.5634960576766899,2020-12-26,1
598,35.0,Female,West,Graduate,Salaried,389738.01767213107,167352.7294692626,Home,,2,21,0.8005663617816354,2022-01-28,1
599,64.0,Female,South,Primary,Salaried,899486.3366359253,275202.3010798793,Car,565.9247184720718,3,25,0.47396466535462284,2020-01-31,0
600,29.0,Female,East,Post-Graduate,Salaried,971540.4687075465,391781.7301917225,Education,708.6729978682321,0,65,0.8220852503493588,2020-11-06,1
601,26.0,Female,South,Post-Graduate,Salaried,579313.7551419432,325124.73865063174,Home,544.84756734865,3,62,0.3681590164768817,2021-07-03,0
602,27.0,Female,North,Primary,Salaried,352189.45949467155,118228.92979869101,Business,771.2008101461143,3,23,0.39615148489339974,2019-04-27,1
603,61.0,Male,North,Primary,Salaried,1019168.7003618318,361368.837038893,Education,594.8290083366396,2,75,0.23718443693930077,2019-02-17,1
604,34.0,Female,South,Primary,Salaried,918888.4783498393,154361.86868860543,Home,558.1937147710837,4,48,0.756907285579598,2016-04-14,1
605,55.0,Male,West,Primary,Self-Employed,735789.3975524466,282502.46784464293,Other,670.9109363278706,2,78,0.4919386653628939,2018-03-17,0
606,24.0,Female,North,Primary,Self-Employed,437519.53021251597,204497.48987842986,Car,836.888583334164,0,44,0.3603816297379793,2018-11-30,0
607,63.0,Female,North,Post-Graduate,Self-Employed,590194.1318323927,217170.06223965614,Home,756.8953962737261,2,28,0.36225319433160574,2018-06-07,0
608,30.0,Female,West,Post-Graduate,Salaried,567927.9837910339,364936.44625607645,Car,546.2148715636828,1,75,0.8309799588604632,2016-11-16,0
609,57.0,Male,West,Graduate,Salaried,666170.2609231155,93970.94202761533,Other,,3,22,0.7837416203227259,2022-07-10,1
610,59.0,Female,East,Graduate,Self-Employed,890200.2876262672,541779.26114154,Home,,4,45,0.5874716197500283,2022-04-30,0
611,26.0,Female,West,Secondary,Salaried,775883.4082274806,50000.0,Business,850.0,5,67,0.6312775602910048,2020-02-09,0
612,44.0,Female,South,Graduate,Salaried,1153574.353809145,320699.69502354285,Education,624.8836681624906,0,62,0.5320278993852037,2022-07-27,1
613,19.0,Male,South,Graduate,Self-Employed,875299.2900039076,305531.7834912611,Home,625.5291805037444,5,46,0.4741665800151662,2020-04-17,0
614,22.0,Male,East,Primary,Self-Employed,1987879.2840078932,675294.249930593,Other,822.1943509504144,3,55,0.840833816852832,2020-12-01,0
615,46.0,Male,North,Primary,Salaried,737413.1591717832,234928.64191424422,Home,715.5925764209901,2,51,0.28792889246421144,2020-02-28,0
616,54.0,Male,North,Graduate,Salaried,893308.1718557206,241391.39454976865,Car,784.2400021838993,5,20,0.49291275280135954,2021-04-02,0
617,55.0,Female,West,Secondary,Self-Employed,377683.95009728975,311582.5127991425,Home,641.8320367859228,1,76,0.44119333559151275,2021-02-08,0
618,36.0,Male,South,Primary,Salaried,592834.8842587074,215339.57838134796,Business,691.8691321816758,2,72,0.5487055041758038,2019-11-06,1
619,25.0,Other,North,Graduate,Self-Employed,,458977.1886902359,Home,805.2505489750596,3,73,0.5203423121816225,2020-02-13,0
620,62.0,Male,East,Graduate,Self-Employed,286428.1149269088,375902.36713474034,Education,688.412729861136,5,35,0.5632226721557569,2021-05-13,1
621,18.0,Male,East,Post-Graduate,Self-Employed,669341.9955209839,380923.6526508452,Home,789.844255802117,0,70,0.29794328405889586,2016-01-05,0
622,39.0,Female,South,Secondary,Salaried,1102311.3103168847,105076.49149443745,Car,730.9813840347624,5,67,0.5591990510592939,2021-09-12,0
623,34.0,Female,East,Post-Graduate,Salaried,231984.45109884941,238091.73633914458,Home,616.8296737264865,5,30,0.3696931697210476,2019-03-14,0
624,24.0,Female,East,Secondary,Self-Employed,,204930.10769189446,Business,698.6946230123182,4,45,0.3290319442917339,2022-07-26,0
625,42.0,Female,South,Primary,Self-Employed,728108.5870149547,99159.79364658013,Other,778.5107193820027,5,59,0.24538395315033387,2016-12-13,0
626,62.0,Female,West,Secondary,Self-Employed,624615.6403312362,304024.627591865,Home,753.5532952949508,3,74,0.7338567911292986,2020-10-31,0
627,21.0,Male,West,Graduate,Salaried,577374.389496852,169353.1363330275,Home,696.7797681263337,0,20,0.499209344599592,2016-05-04,0
628,53.0,Other,East,Graduate,Salaried,340156.72731083515,348310.57447753556,Education,548.6628488822801,3,45,0.6386505783182308,2020-12-18,0
629,23.0,Other,West,Secondary,Self-Employed,646557.3485880328,89471.26556585025,Business,556.3206814872227,1,47,0.7093153403133203,2022-08-01,0
630,48.0,Female,West,Secondary,Self-Employed,448647.2045968147,507856.09192627313,Other,573.3355528298307,2,72,0.6755216657194874,2017-05-12,0
631,36.0,Male,East,Secondary,Unemployed,162015.6590042893,115550.10121119072,Car,659.1646234586759,5,77,0.5293505033627776,2019-03-22,1
632,61.0,Female,West,Post-Graduate,Self-Employed,838918.4441027462,282895.3505800654,Home,669.8305701045242,4,28,0.4715289702662109,2016-02-22,1
633,56.0,Male,East,Secondary,Salaried,791677.1639684085,368778.89655821014,Other,,0,79,0.4631719367484646,2016-05-28,0
634,44.0,Male,North,Primary,Self-Employed,610332.1953702159,164403.9354699831,Car,781.8010234956813,4,78,0.6480341578510393,2017-05-17,0
635,27.0,Male,South,Post-Graduate,Self-Employed,645814.9376411405,377870.2965149426,Business,598.8984738223567,4,63,0.5463560484593113,2018-05-19,1
636,43.0,Male,South,Post-Graduate,Salaried,814863.6025431122,65622.46032993757,Business,590.3552766346393,4,41,0.7943925735919575,2016-08-06,0
637,36.0,Female,West,Secondary,Self-Employed,644867.9313556165,467817.6548773841,Other,707.0588603108758,5,27,0.8122913890286985,2019-07-24,1
638,56.0,Female,West,Primary,Salaried,2342410.5328567885,504244.7794897275,Car,777.9124095994582,0,77,0.31939226460456294,2022-11-04,0
639,20.0,Female,West,Post-Graduate,Salaried,540503.5598252299,160538.28880466806,Business,850.0,0,68,0.2953635560820079,2021-10-31,1
640,62.0,Male,South,Graduate,Self-Employed,862396.7477147894,205122.73413588482,Other,746.6036043602542,4,61,0.6412806482251996,2018-01-07,0
641,30.0,Male,North,Post-Graduate,Salaried,664157.1451865368,371337.8904089079,Business,826.3863774978895,2,46,0.4108580236435956,2022-09-17,1
642,45.0,Male,North,Secondary,Salaried,638810.3887211748,162331.70622243427,Business,603.0354678618751,5,58,0.2129995031355692,2016-10-16,0
643,37.0,Other,South,Primary,Salaried,345987.7822575936,137596.34658658336,Business,850.0,5,38,0.8220498685540685,2022-10-03,0
644,45.0,Male,North,Secondary,Salaried,657391.1708603418,216769.51036243927,Education,551.0812439555609,3,44,0.3588305370706658,2016-12-04,0
645,25.0,Female,South,Graduate,,433609.01650110976,73455.6830845048,Car,659.6928596889855,5,57,0.8504964561800663,2020-08-20,0
646,58.0,Female,North,Graduate,Salaried,472343.4546943012,523081.5861912723,Other,744.852201566302,4,40,0.7022041156147776,2021-02-11,1
647,56.0,Male,East,Graduate,Unemployed,436924.87433677574,165040.81131779152,Other,571.5826387443245,1,43,0.7338574429380389,2018-09-13,0
648,,Female,East,Secondary,Salaried,386753.013620155,374742.51792706054,Car,625.8359926459733,4,43,0.3410230470552123,2018-08-16,1
649,20.0,Female,South,Post-Graduate,Salaried,1024954.2806033923,281420.5125471659,Car,613.1261976568293,0,79,0.36393609793176906,2019-05-15,0
650,30.0,Female,North,Secondary,Salaried,866267.8123976807,102319.89242770479,Car,675.1823194200213,5,79,0.5648874276768461,2019-07-12,1
651,45.0,Female,West,Primary,Self-Employed,984073.5004288522,249106.7936180906,Car,813.7266285338139,5,38,0.3204698968549035,2021-06-29,0
652,42.0,Male,North,Post-Graduate,Salaried,355420.9960888872,367600.4168966122,Home,701.3460053030249,3,69,0.4138021848781226,2017-01-07,1
653,50.0,Male,East,Graduate,Self-Employed,614250.7499821784,221760.799737054,Other,662.9548844612787,1,66,0.4250237345634631,2020-02-20,1
654,55.0,Female,East,Secondary,Self-Employed,341298.4749591808,428966.9418776542,Home,469.25405062574384,5,21,0.31174095327693485,2017-06-14,0
655,23.0,Female,North,Graduate,Self-Employed,460861.0245605872,403227.3089172796,Business,737.3404163870863,3,33,0.3436279833766125,2018-07-12,1
656,61.0,Male,North,Graduate,Salaried,416374.60331668507,387837.22819874936,Business,763.2012327182543,3,72,0.7519862894057796,2016-01-23,1
657,62.0,Female,West,Primary,Self-Employed,847916.8012883123,181051.48415905045,Other,563.9984185751831,1,51,0.3170370981830879,2021-11-21,0
658,49.0,Female,West,Post-Graduate,Salaried,520754.064379648,88023.63283277696,Business,694.6422112221983,4,61,0.21992017429074576,2016-08-28,0
659,62.0,Female,North,Primary,Unemployed,813675.8667388032,157961.85919558082,Car,715.4406552265638,4,51,0.6405484598402569,2018-10-01,0
660,64.0,Male,North,Primary,Self-Employed,720824.1779177036,279436.14110000804,Home,777.1681405842955,4,47,0.8831881835747148,2021-03-11,1
661,38.0,Female,North,Primary,Salaried,1060727.7504209578,331868.0070298533,Car,642.0185233403621,2,67,0.4318496702361849,2019-03-11,0
662,33.0,Female,North,Graduate,Salaried,304111.1553720552,50000.0,Business,629.9711711132162,4,58,0.2830589922373766,2018-03-24,0
663,38.0,Male,South,Primary,Salaried,851846.6479573598,248783.01975823747,Home,663.480216122531,1,59,0.5992711277572715,2017-10-16,0
664,28.0,Male,North,Primary,Self-Employed,829288.1740801455,273713.38379847765,Car,802.7549642221907,2,61,0.8344479477669522,2018-02-21,0
665,54.0,Other,West,Post-Graduate,Salaried,405324.23239459307,208368.36155266728,Other,783.5076353738136,4,66,0.7488432458799352,2022-06-12,1
666,53.0,Male,East,Post-Graduate,Salaried,801426.667294632,443691.0758523818,Car,698.2923758262069,2,59,0.6357611078889012,2016-01-08,1
667,52.0,Female,South,Primary,Salaried,667228.9926052458,313267.0111376306,Business,781.5821221750631,1,32,0.42053954762531953,2020-09-10,0
668,36.0,Female,North,Post-Graduate,Self-Employed,554504.7480093185,446528.7862121345,Home,510.5047034518273,4,31,0.579316121293354,2017-07-28,0
669,37.0,Male,East,Post-Graduate,Self-Employed,435212.9026056001,217605.92194746516,Other,,0,27,0.2638713889129788,2018-06-30,1
670,35.0,Female,South,Primary,Self-Employed,456178.10971016285,390621.6238760387,Home,610.4987069748922,5,34,0.6752617969964689,2017-06-01,0
671,64.0,Male,East,Graduate,Self-Employed,,495259.95917912794,Other,841.361959551669,1,45,0.7075672132283555,2020-03-21,0
672,58.0,Female,North,Primary,Salaried,,446754.0173908991,Home,614.860423045342,3,31,0.8755221360369432,2017-04-27,0
673,31.0,Male,North,Post-Graduate,Salaried,756426.0003062919,86178.76098569005,Business,631.7790267813084,3,62,0.38227815112155017,2022-03-04,0
674,32.0,Female,West,Graduate,Self-Employed,441820.1236664894,211948.58836864284,Other,744.9938984104942,1,70,0.21291949333011587,2017-08-01,0
675,48.0,Male,North,Secondary,,444029.41075567226,198225.29418253055,Education,752.7163307824829,3,65,0.5819259250990054,2017-01-21,1
676,18.0,Male,North,Graduate,Salaried,816396.9618499884,323388.18026144913,Home,664.2934336986252,1,46,0.6947533530777701,2017-02-15,0
677,20.0,Other,South,Post-Graduate,Salaried,330084.75768969354,352953.03325218,Home,729.7123227538425,0,37,0.7532852331180915,2021-02-08,1
678,33.0,Male,West,Graduate,Salaried,516957.2464189457,124166.09889613955,Car,739.6303852262789,1,64,0.33561725311736745,2019-10-25,0
679,40.0,Female,South,Primary,Salaried,606805.4822144464,260175.77708754066,Other,731.4491724846428,4,55,0.38322700832591655,2019-10-08,0
680,28.0,Male,East,Secondary,Self-Employed,622274.5203680105,50000.0,Education,667.6356065953283,4,68,0.5588136476871074,2021-05-21,1
681,29.0,Female,North,Secondary,Salaried,564181.3429967688,466291.75087028346,Business,740.4168819268552,2,70,0.43142056697900133,2019-09-21,0
682,27.0,Male,East,Secondary,Salaried,679163.9562191847,173143.86389849597,Car,812.5096324013195,3,46,0.8023580406112114,2018-06-24,0
683,49.0,Other,South,Post-Graduate,,738571.1511635623,258379.59097667455,Education,601.9609216624939,5,28,0.5316321076171042,2019-08-05,0
684,33.0,Male,North,Post-Graduate,,746927.509091866,203552.54290179082,Other,632.7951971566555,3,74,0.759705050871402,2018-08-20,0
685,25.0,Male,North,Secondary,Salaried,402839.23826643464,421904.1362520122,Education,702.1804505888464,1,58,0.6064338323376477,2018-08-22,1
686,55.0,Male,South,Graduate,Self-Employed,543168.9804142406,50000.0,Home,,5,20,0.7411630991319784,2021-12-27,0
687,29.0,Male,South,Secondary,Self-Employed,838952.5723753875,247508.44865111366,Home,555.7277012618192,5,26,0.4328710905712267,2021-05-30,1
688,41.0,Female,South,Graduate,Salaried,778929.4375147745,234127.1863753453,Car,787.4498380705566,3,45,0.7819916353512177,2022-06-05,0
689,,Male,South,Graduate,Unemployed,325428.1097037872,181954.54186124756,Other,521.6969387179,5,26,0.3922006208857151,2018-11-02,0
690,25.0,Female,South,Post-Graduate,Unemployed,670295.9800704403,508933.9818453449,Other,667.8093841980532,5,71,0.5822691656023036,2017-10-25,1
691,45.0,Male,North,Graduate,Self-Employed,204354.95012503793,116900.58117163432,Education,760.7155455806936,4,26,0.34980497922171194,2018-04-04,1
692,53.0,Male,South,Secondary,Self-Employed,609386.9804120739,365769.4265853492,Car,721.3359831601658,0,27,0.5328685651383354,2021-03-02,0
693,43.0,Female,North,Post-Graduate,Salaried,979553.4033491954,303437.9183059125,Other,,1,35,0.42272264665609216,2022-09-13,0
694,25.0,Female,North,Primary,Salaried,410421.45654620277,439227.8878803274,Home,612.2048338772033,3,22,0.38669240144605,2018-09-18,0
695,45.0,Male,South,Primary,Salaried,433135.3909016836,149921.6372833742,Education,727.509425051835,4,64,0.8768895126196261,2019-02-06,0
696,45.0,Male,South,Post-Graduate,Salaried,752805.9563145719,140054.66513143614,Business,620.9284449226502,2,29,0.3120518738407114,2022-01-05,1
697,54.0,Male,West,Secondary,Unemployed,291439.6969580708,414410.4861216098,Home,721.274606905461,5,69,0.7511280862201766,2020-10-05,1
698,58.0,Female,North,Primary,Salaried,473448.9940229922,313798.19624951656,Car,,5,26,0.8889154716382504,2022-06-12,0
699,53.0,Female,South,Primary,Self-Employed,719288.2275163506,50000.0,Other,712.0826327244108,3,40,0.2139310386180545,2018-12-19,1
700,44.0,Male,South,Graduate,Self-Employed,473142.83046211937,169104.24783050944,Home,648.7744992656468,0,72,0.6893191898294665,2017-03-10,0
701,34.0,Female,South,Graduate,Self-Employed,,307957.39807720913,Business,850.0,0,56,0.377038263889401,2016-01-21,0
702,26.0,Female,West,Secondary,Unemployed,748837.1420630069,375664.63323198835,Business,728.65653070963,3,50,0.2283414770298131,2022-08-26,0
703,50.0,Female,West,Post-Graduate,Salaried,684309.2167073123,148115.40202105674,Car,677.7032860624282,3,42,0.4820227052696415,2022-04-11,1
704,37.0,Female,East,Secondary,Salaried,653363.6792590803,50000.0,Home,721.1416458449444,4,76,0.8546524671196125,2021-04-09,1
705,30.0,Male,North,Post-Graduate,Salaried,532175.5441459923,328483.477860555,Education,,3,46,0.20823556605689839,2020-01-12,0
706,45.0,Male,East,Primary,Salaried,674012.2230537911,66951.89650840362,Home,669.0956401217675,2,75,0.6115199843508472,2019-01-04,0
707,46.0,Male,South,Graduate,Salaried,575253.4639800487,50000.0,Business,850.0,4,41,0.550977535016727,2017-01-24,1
708,30.0,Male,West,Secondary,Salaried,691561.1219851569,50000.0,Car,638.6095354846153,5,58,0.8113689150597332,2019-09-16,0
709,63.0,Female,West,Secondary,Self-Employed,500613.59497640433,372097.1290296612,Car,693.7781839788468,5,76,0.258801200164438,2022-04-25,0
710,52.0,Female,East,Post-Graduate,Salaried,563486.2051240918,269292.617560745,Education,663.5116120200187,5,46,0.6770682209206552,2017-03-01,1
711,23.0,Male,West,Post-Graduate,Salaried,402008.4414895972,216151.54289316226,Car,616.8292845740176,5,73,0.6760767889032941,2020-09-21,1
712,35.0,Male,South,Secondary,Self-Employed,592998.4779987528,458353.65444441425,Car,733.6867992175845,1,68,0.6683560118035983,2018-10-26,0
713,22.0,Male,West,Post-Graduate,Salaried,437799.827274231,345598.7024534609,Car,702.9177741323367,2,23,0.8596341464545258,2016-01-06,0
714,64.0,Female,East,Secondary,Salaried,377190.70996760135,492445.00640828745,Car,772.8821847199943,4,43,0.7761612703048162,2016-07-09,0
715,42.0,Male,South,Secondary,Self-Employed,651732.2295710776,50000.0,Car,764.8462336264004,4,42,0.22938090837045422,2016-05-27,0
716,19.0,Female,East,Secondary,Self-Employed,642547.9551715321,244817.40640690547,Business,772.0566175233597,5,67,0.5297579954931593,2017-02-08,1
717,27.0,Male,West,Primary,Self-Employed,756574.7469897144,50000.0,Home,626.5437301719205,0,38,0.4785671393409334,2016-09-14,0
718,47.0,Male,East,Post-Graduate,Salaried,513774.8860849802,215592.6502216799,Other,751.2768639362477,4,61,0.41710305476356146,2021-11-07,1
719,62.0,Other,East,Graduate,Self-Employed,681610.5693673511,212707.6219349984,Car,753.2217205032075,2,22,0.5159357076078681,2018-04-03,0
720,22.0,Other,North,Graduate,Self-Employed,710159.5144547326,343992.04558946064,Other,618.3149601434516,3,46,0.4689359294481842,2016-01-10,0
721,50.0,Male,West,Post-Graduate,Salaried,2066864.2846989566,513669.1643425695,Other,674.5107006218209,2,22,0.5026337299150657,2019-01-15,0
722,18.0,Female,West,Secondary,Self-Employed,1304607.790318715,687022.1414839746,Business,583.5110322816826,5,47,0.8854833059260496,2018-04-17,1
723,35.0,Female,East,Graduate,Self-Employed,629872.6964542378,355516.01997083414,Car,753.5698105904228,5,36,0.2620430823247065,2018-09-14,0
724,49.0,Female,North,Graduate,Salaried,672828.0592109322,573239.3016074713,Other,753.2017975555179,1,50,0.8455616088871107,2017-09-16,0
725,64.0,Male,West,Post-Graduate,Salaried,601435.6933815884,202705.50170708133,Car,814.4290239294685,4,29,0.5361656994297187,2016-01-30,0
726,28.0,Female,South,Graduate,Unemployed,182704.4683257831,108846.59490004313,Education,681.6961193748524,4,68,0.6366195718496788,2021-12-15,0
727,38.0,Female,East,Secondary,Self-Employed,632097.924794696,286912.5422974613,Education,736.1175669251037,4,41,0.7811280766323856,2022-10-04,0
728,43.0,Female,West,Post-Graduate,Salaried,1042506.2078794484,129657.99592906848,Education,779.0188080820246,5,49,0.4523241204044789,2018-12-14,0
729,42.0,Male,South,Secondary,Self-Employed,527992.1462486035,472294.11526548036,Other,639.6886777156246,4,68,0.5012953356615768,2022-06-10,0
730,39.0,Male,West,Graduate,Salaried,454384.58042893576,207517.2941582151,Education,627.522788694584,0,40,0.48666293619509976,2017-06-29,0
731,44.0,Male,South,Graduate,Salaried,674669.7119422796,165163.54481890146,Business,642.1691839139069,0,55,0.4623117157750319,2019-02-02,0
732,30.0,Female,East,Secondary,Salaried,662475.6420933143,179302.64182733232,Business,672.0563625435823,3,72,0.8478705251528265,2019-04-10,0
733,50.0,Male,West,Primary,,838547.0330832829,357762.6135207461,Other,630.3556515483077,4,42,0.7802509238351085,2020-03-02,0
734,51.0,Female,West,Graduate,Unemployed,348426.3688182224,226337.9525152772,Car,645.6137832031021,1,57,0.27629999290408325,2021-08-31,0
735,58.0,Other,North,Primary,Salaried,746276.0505149985,153749.97698044265,Home,770.4732135226596,3,31,0.27568634673396725,2022-09-04,0
736,52.0,Male,East,Graduate,Salaried,718084.4122502927,499802.78764352965,Car,692.2922694804566,5,44,0.4995086603970938,2017-09-08,1
737,18.0,Female,South,Primary,Salaried,571570.6926118907,121574.52390073749,Car,724.5358698927548,4,73,0.26906016371296637,2016-05-28,0
738,38.0,Male,West,Primary,Unemployed,667737.463584338,255334.91110494902,Car,655.942656950514,0,76,0.6333651666897837,2020-12-16,0
739,23.0,Female,West,Primary,Unemployed,805891.4963196714,347845.92274153454,Car,,1,39,0.30058412508321375,2022-06-04,0
740,,Male,South,Secondary,Self-Employed,774463.07600569,50000.0,Home,722.8444711632318,3,68,0.5656612847767608,2016-06-20,1
741,34.0,Female,East,Primary,Self-Employed,371396.13758525427,322039.07521088875,Education,710.0849862402724,1,68,0.20505396290260244,2016-02-16,1
742,22.0,Female,North,Primary,Self-Employed,764031.6373510968,91733.8486779326,Car,762.2389342646455,4,61,0.4216174438888527,2017-09-17,0
743,48.0,Female,North,Primary,Salaried,587062.2789934963,373417.4171251004,Business,804.1274398403194,2,26,0.6740335065708587,2020-12-15,0
744,22.0,Female,West,Graduate,Salaried,614574.8196031031,105602.34821215356,Other,644.6870236578876,1,48,0.538827258159494,2022-03-04,0
745,55.0,Female,South,Primary,Salaried,614639.3982003389,353915.3547773291,Other,768.8947630211024,1,67,0.8847886401992917,2017-03-28,1
746,20.0,Female,West,Graduate,Self-Employed,569951.402240348,415874.9599442069,Business,613.615506584547,5,48,0.8118726572463475,2019-11-19,1
747,40.0,Female,South,Primary,Self-Employed,838341.4994214129,379215.47884492076,Car,850.0,0,32,0.4513495453302058,2018-01-23,0
748,54.0,Female,North,Primary,Salaried,583256.4080301576,287697.4972357154,Home,637.0956757489337,4,22,0.23184057903059224,2018-10-05,1
749,54.0,Male,East,Secondary,Unemployed,376090.77432336623,215304.85856054508,Education,755.2504455805407,1,21,0.7919384100805131,2019-02-07,1
750,27.0,Female,South,Graduate,Salaried,521294.02880605427,163537.06354977342,Other,613.0207729004268,4,35,0.83786401722027,2019-05-10,0
751,27.0,Female,North,Primary,Salaried,635738.9433620952,470655.2036225656,Education,687.8327291082561,0,49,0.7744391753933257,2016-06-16,0
752,36.0,Female,West,Graduate,Self-Employed,845842.95685941,145075.71697485354,Home,823.6586513722813,5,57,0.2895649586438354,2016-03-26,0
753,34.0,Male,South,Graduate,Self-Employed,720618.9369897667,94440.08896450058,Other,634.5836678411142,4,25,0.8985405940886013,2020-08-04,0
754,38.0,Female,East,Post-Graduate,Self-Employed,429892.9442505912,349805.3402549245,Education,850.0,0,64,0.38100895508694166,2021-06-05,1
755,31.0,Male,West,Secondary,Salaried,1097037.9833357784,130579.4795220257,Home,699.5779522312763,0,26,0.7069434389658591,2018-04-28,0
756,26.0,Female,West,Secondary,Salaried,652955.0621955959,107490.47538008093,Education,,3,24,0.835624413435005,2020-01-26,1
757,63.0,Male,North,Secondary,Self-Employed,855078.1475998029,50000.0,Car,732.2355658802883,5,75,0.3649809800314966,2017-03-17,1
758,18.0,Female,South,Post-Graduate,Salaried,569657.1132845542,177563.52408092236,Home,736.5632052477093,5,26,0.8357809882739462,2016-09-27,0
759,62.0,Other,West,Post-Graduate,Salaried,706671.8489410898,237592.74641552602,Education,585.9109026285516,4,53,0.41663710543640686,2020-05-19,0
760,30.0,Male,East,Secondary,Self-Employed,767893.7009036809,286463.7591491048,Car,662.1717765617564,2,51,0.8834892556688392,2016-12-09,1
761,21.0,Other,South,Post-Graduate,Salaried,843638.9423508511,392695.9366449225,Car,795.6781169986963,3,68,0.3968820142663322,2019-04-21,1
762,,Male,East,Post-Graduate,Self-Employed,,329034.68854986905,Home,672.4543038584002,5,32,0.8674050773304847,2019-06-11,1
763,57.0,Female,West,Post-Graduate,Self-Employed,774439.4000145956,221369.16706702302,Business,711.1065666174251,0,49,0.23748125562487243,2022-04-10,0
764,49.0,Female,East,Secondary,Salaried,536982.6537611783,220270.648543042,Other,576.206229730468,5,44,0.6964904081688691,2020-03-12,0
765,51.0,Female,North,Secondary,Salaried,,326523.62033727753,Home,656.9938447199405,2,40,0.5724777936859026,2016-09-23,0
766,45.0,Female,East,Secondary,Self-Employed,666521.5020648395,440885.5244392854,Car,789.8431438105172,1,79,0.5345139539859114,2020-07-11,1
767,48.0,Female,South,Post-Graduate,Self-Employed,786625.6144682139,268947.12992248003,Car,597.3896454458447,1,78,0.356446019979088,2018-06-11,0
768,25.0,Male,East,Secondary,Self-Employed,555455.8598446785,179630.37186843867,Home,757.3663229596931,5,40,0.6939170528435443,2022-02-26,1
769,56.0,Male,East,Post-Graduate,Self-Employed,813034.3931428774,101070.09983716818,Business,714.2222510867988,5,47,0.333566644012415,2016-08-26,0
770,43.0,Female,North,Primary,Self-Employed,890523.3490972358,50000.0,Other,681.1235611181457,3,67,0.5869892571893378,2018-07-03,1
771,51.0,Female,East,Post-Graduate,Unemployed,416735.8161853161,349940.45080652845,Education,677.6060366142394,5,77,0.3772717541281756,2019-12-09,0
772,20.0,Female,East,Graduate,Salaried,432615.85924074403,336696.77854593354,Home,660.717624153761,2,39,0.8689349658469492,2019-12-31,0
773,29.0,Female,West,Secondary,Salaried,571924.9882189328,336604.52876599925,Other,667.842322235443,5,53,0.220041835684957,2022-04-12,0
774,18.0,Male,West,Secondary,Salaried,661522.5336378393,230701.0830471916,Other,,4,24,0.3398097960778656,2021-02-24,0
775,61.0,Female,South,Graduate,Salaried,495086.59724658984,461040.2118837626,Car,665.4364948604181,2,37,0.3696174244712134,2022-01-08,0
776,,Male,West,Post-Graduate,Salaried,870440.5357734289,177382.22581227735,Education,844.6072257753846,3,79,0.4898474780374715,2019-11-16,0
777,,Female,West,Primary,Salaried,684813.3723036903,393290.3855810808,Home,723.9626002434569,4,58,0.36291116930903744,2022-03-08,0
778,47.0,Male,West,Graduate,,607889.4096481479,244188.56575156856,Car,653.8990456777382,4,62,0.5439443631881496,2017-01-01,0
779,34.0,Male,West,Graduate,Salaried,312818.0952262945,158747.38529809937,Car,777.8692761988491,1,76,0.8107258662809773,2020-05-12,1
780,64.0,Male,North,Post-Graduate,Salaried,336836.8367144986,338879.5460976642,Business,749.9116754461261,2,76,0.6984443949864195,2016-03-26,0
781,40.0,Male,West,Secondary,Salaried,656201.8500563613,311445.417802599,Other,567.6658847817873,4,30,0.6059733863745778,2020-10-02,0
782,32.0,Female,North,Post-Graduate,Salaried,173480.87476903276,303545.9138900389,Home,617.242291438597,3,73,0.2623022245878758,2020-07-15,1
783,54.0,Male,North,Graduate,Salaried,802527.4819288143,262191.7633084298,Home,690.766375903807,1,36,0.685794475872493,2021-08-03,0
784,38.0,Male,West,Graduate,Salaried,568369.2311255359,244316.03774247537,Home,573.3113652463842,4,67,0.3164899990176579,2022-10-29,1
785,31.0,Male,East,Secondary,Salaried,1248618.5939189466,608255.7989305658,Car,850.0,2,64,0.7504571701731886,2017-09-11,0
786,19.0,Male,North,Secondary,Self-Employed,1061583.2501232221,427638.49677942594,Business,765.7785745631473,1,41,0.37503973095710724,2022-06-09,0
787,28.0,Male,East,Secondary,Self-Employed,563710.1861504966,358424.0342478268,Education,698.9333722370831,2,56,0.4919341098246306,2016-05-11,0
788,56.0,Male,East,Post-Graduate,Self-Employed,578732.599493737,266769.87373050826,Car,,2,39,0.44532914162254955,2018-06-22,0
789,55.0,Female,West,Secondary,Self-Employed,799116.302800406,401073.5800895004,Education,652.0269076512801,2,67,0.8011697402723996,2018-09-14,0
790,,Female,South,Graduate,Salaried,940634.5219836076,327699.21645871777,Business,542.8774273623272,1,79,0.2885811210993857,2019-05-06,0
791,55.0,Female,West,Graduate,Self-Employed,272394.18851279665,253930.71291610535,Other,561.3701078683496,4,73,0.595951417669352,2021-09-25,0
792,51.0,Male,South,Primary,Self-Employed,242724.90692906268,204465.35121011274,Home,850.0,5,73,0.29944312661014355,2020-10-29,0
793,35.0,Male,South,Post-Graduate,Salaried,475593.0388891237,237862.39935059677,Education,825.8879711386068,0,67,0.6933570852925306,2019-05-11,0
794,47.0,Female,West,Primary,Self-Employed,716547.5166347729,50000.0,Car,653.9377796060768,4,67,0.8335546894561368,2019-07-08,0
795,32.0,Female,West,Graduate,Salaried,699374.7181015194,281590.1258946463,Education,772.6399324945966,1,65,0.5042253577070774,2017-11-20,0
796,44.0,Male,South,Primary,Self-Employed,813954.29099677,176728.58798344605,Other,740.5136619997625,0,25,0.5416645821854831,2018-11-13,0
797,51.0,Male,West,Graduate,Unemployed,360060.49432693835,488900.4997424326,Home,749.9430365319074,0,53,0.8491959855379336,2017-11-17,0
798,55.0,Male,South,Primary,Salaried,136771.22740622464,252901.61062176313,Education,585.9857788399436,0,33,0.56469397205455,2018-02-24,0
799,50.0,Male,East,Secondary,Self-Employed,771602.839060429,71655.4870697557,Other,555.3457661975872,5,67,0.5413189066346926,2016-12-05,0
800,41.0,Male,West,Primary,Self-Employed,434360.7454069531,242517.97688078234,Car,794.6075487255912,3,42,0.6048303718930129,2017-02-15,0
801,32.0,Female,East,Secondary,Unemployed,196302.42712227243,93081.83724062436,Business,541.6561357570536,1,39,0.6824608154540663,2021-06-19,0
802,47.0,Female,North,Secondary,Salaried,629012.7491918763,321011.11235686997,Car,688.1445166893988,5,32,0.27481836256092196,2016-10-12,0
803,59.0,Female,East,Post-Graduate,Self-Employed,,293642.1046509228,Home,670.583813902577,5,66,0.7747773694190612,2019-01-14,0
804,,Female,East,Secondary,Salaried,575588.5735757445,393675.94466624013,Car,663.1879230658873,3,63,0.5048535192172814,2018-04-29,0
805,22.0,Female,South,Secondary,Salaried,508430.32276350213,131367.73124581517,Car,725.1560657832525,0,60,0.2506439569282399,2017-03-05,0
806,46.0,Female,East,Primary,Salaried,568127.5535708187,255101.21443422203,Car,645.7926056177239,3,51,0.7503278684387491,2020-05-23,0
807,21.0,Female,West,Graduate,Unemployed,525883.4475198435,50000.0,Car,731.6588369972038,3,45,0.46386498018039046,2016-01-31,0
808,27.0,Male,South,Post-Graduate,Self-Employed,330390.5776119666,355224.21728870715,Home,711.2924331752956,5,69,0.27025724656653777,2017-08-25,0
809,34.0,Male,North,Secondary,Self-Employed,457063.8646019136,327830.67706601834,Other,,1,72,0.6436453276802754,2017-03-15,1
810,27.0,Male,West,Post-Graduate,Unemployed,704255.9810027629,324370.75315413566,Education,589.1672486545497,2,33,0.8160919474035491,2018-09-11,1
811,34.0,Female,North,Primary,Salaried,664335.7082753,250242.85470354118,Business,,3,71,0.8214274565897903,2019-10-04,0
812,37.0,Female,East,Secondary,Salaried,633611.961193364,312215.93361831864,Education,734.5076079902211,3,76,0.8703644323662811,2021-04-02,0
813,41.0,Male,West,Primary,Salaried,400970.3036293241,490650.86624628946,Education,679.4877955574163,0,55,0.8073938218366816,2017-02-15,0
814,22.0,Female,West,Post-Graduate,Salaried,563699.3675728666,207235.8614436979,Business,593.0339913689729,0,27,0.20149864354183267,2017-06-11,1
815,51.0,Male,North,Primary,Salaried,164586.99071142904,270796.7775565127,Home,800.5682224524155,5,59,0.46616881648937314,2016-11-05,0
816,23.0,Female,West,Post-Graduate,Salaried,635695.3327770779,87081.05512278853,Business,726.9547464115242,0,41,0.7729798059338522,2020-12-16,1
817,19.0,Male,West,Primary,Salaried,885771.5415627134,119760.85576025015,Home,598.6482629658725,4,41,0.45637710419893196,2019-09-23,0
818,30.0,Male,West,Post-Graduate,Salaried,305173.57359157887,264671.9939639961,Education,735.0934370046608,3,35,0.6210839544657942,2021-07-31,0
819,60.0,Female,East,Graduate,Salaried,482814.4653364489,415590.0320052861,Home,836.1252856042286,0,46,0.6244218631621724,2022-10-20,0
820,60.0,Male,North,Primary,Salaried,665821.3557420259,211557.87636226413,Other,697.0947253267263,1,75,0.4555177128271761,2017-12-04,0
821,28.0,Male,West,Primary,Unemployed,850568.5268854967,214612.52060318142,Business,699.822986442355,4,79,0.8331317490969012,2017-10-24,0
822,64.0,Male,South,Graduate,Self-Employed,510355.0767399701,188967.2133243438,Other,825.4404024834655,5,79,0.5522598417702823,2016-12-30,0
823,40.0,Female,South,Graduate,Unemployed,461549.93414682074,169786.49937335151,Education,622.3692814598998,2,29,0.5253489441562506,2018-07-11,0
824,33.0,Female,South,Primary,Salaried,206215.37151678337,294245.71835632325,Business,838.2041634096545,3,44,0.898259621963327,2021-11-30,1
825,48.0,Male,South,Graduate,Salaried,620687.6258616212,50000.0,Education,777.8328856294589,3,50,0.5454502548508317,2016-06-24,0
826,28.0,Female,East,Secondary,Self-Employed,1008415.2080287489,442140.93650000915,Other,626.0624828815987,1,40,0.3248787763500067,2019-03-18,0
827,33.0,Female,West,Post-Graduate,Salaried,655471.6923929352,150186.65528058092,Education,646.5384800124708,2,46,0.5591485960044067,2019-04-16,0
828,25.0,Male,North,Post-Graduate,Salaried,595544.2041632574,358285.5228157212,Business,,2,36,0.769811714863951,2018-07-24,1
829,,Male,West,Post-Graduate,Salaried,664416.462153397,59500.210390918626,Business,553.3148628810328,5,52,0.7438022288287969,2017-01-16,1
830,57.0,Male,East,Secondary,,597781.5992102796,350326.0195819327,Education,720.8377399256705,5,50,0.7520072355759297,2019-07-06,0
831,21.0,Male,South,Graduate,,437397.125547974,350791.69117217464,Business,629.6842397401717,4,69,0.6956166487985382,2019-04-27,0
832,42.0,Female,East,Graduate,Salaried,764655.9831355411,307630.3108008845,Business,723.7241057145044,3,61,0.3779524803466817,2016-11-01,0
833,20.0,Male,West,Primary,Self-Employed,1935456.9138670526,201671.44346006232,Education,596.7245399739827,0,45,0.803458860088162,2019-11-02,0
834,49.0,Female,North,Graduate,Salaried,603522.6503867315,287432.22843971156,Other,773.84105895156,5,40,0.8254104257633854,2017-08-24,0
835,20.0,Female,East,Primary,Salaried,404926.79454435,72541.57228984166,Business,759.0100744104402,1,55,0.3359068876329844,2022-07-18,1
836,44.0,Male,North,Secondary,Self-Employed,860701.5863869519,212085.5117355722,Business,,1,20,0.29131894558597576,2022-01-12,0
837,46.0,Female,East,Post-Graduate,Salaried,732940.549066622,404411.9651432989,Business,728.7719326305693,1,23,0.8829234780123785,2017-12-12,0
838,49.0,Male,North,Post-Graduate,Salaried,489415.83252653957,369505.2890606113,Business,706.6336447447663,5,23,0.8078267745552574,2020-01-05,0
839,36.0,Other,North,Post-Graduate,Self-Employed,800364.9707363874,252277.44138106497,Education,818.5839588922329,5,45,0.8252653030469628,2017-02-06,1
840,38.0,Female,South,Graduate,Salaried,500485.83232295857,103779.01361157373,Other,617.4016825684103,1,23,0.8204634692370767,2017-09-05,0
841,22.0,Female,North,Primary,Salaried,443599.3014977926,346838.156826129,Other,,5,68,0.5791807768236099,2020-12-06,0
842,35.0,Female,South,Primary,Salaried,448059.3765039426,252907.1856547038,Home,648.7453090633782,0,28,0.6524812156660598,2016-06-25,0
843,45.0,Male,West,Secondary,Salaried,245786.28938238177,50000.0,Business,703.5854557680134,0,49,0.5817539964935492,2017-03-24,0
844,59.0,Female,West,Graduate,Salaried,,367394.4739474777,Business,742.6618882226875,4,70,0.23584444443323035,2018-01-12,1
845,39.0,Female,South,Secondary,Self-Employed,233771.02433232998,246365.07491954617,Home,647.8554097541032,3,64,0.721852159746941,2020-04-13,0
846,38.0,Female,South,Primary,Salaried,354311.2337468475,430367.6871974608,Other,670.871502288863,0,23,0.5537324233351162,2021-06-01,1
847,23.0,Female,East,Primary,Salaried,184882.39818429336,85709.42217357931,Car,777.283263844589,4,24,0.6533963523531607,2022-06-06,0
848,18.0,Female,East,Post-Graduate,Salaried,582786.0614418214,50000.0,Car,808.5859729541154,2,64,0.5518478634828747,2016-11-02,0
849,22.0,Male,East,Graduate,Salaried,569935.9079456256,291862.57875177776,Other,739.4812828162303,3,42,0.5442679256257191,2018-01-20,1
850,58.0,Male,West,Primary,Self-Employed,534660.7573627272,293734.5515022959,Business,688.9629521005472,0,35,0.3202523766344368,2018-05-18,0
851,29.0,Female,East,Post-Graduate,Salaried,391484.46106588474,50000.0,Car,681.3522463170281,2,41,0.3950996005988043,2016-08-01,0
852,43.0,Male,North,Graduate,Salaried,365553.24931267195,103225.06812000903,Education,743.8501062981832,4,56,0.3111968843607691,2020-06-05,0
853,63.0,Female,North,Secondary,Salaried,692873.9727093149,663282.6615579852,Education,718.2213601123898,0,27,0.3369664069377397,2020-07-21,0
854,51.0,Female,East,Graduate,Salaried,489889.61365830246,204158.4078769295,Home,568.0819329686958,0,67,0.8810841662942135,2020-05-16,0
855,31.0,Male,North,Graduate,Salaried,663271.664307229,359643.8464564324,Other,745.7908185846322,5,52,0.3071794120405389,2021-12-20,1
856,43.0,Male,West,Primary,Self-Employed,422950.2627751555,152401.02589474246,Other,631.1544168461951,2,74,0.3884892970136453,2020-07-30,1
857,62.0,Female,North,Primary,Salaried,636212.5485542165,50000.0,Car,586.6450873219478,0,79,0.6134127604170094,2017-05-26,0
858,44.0,Male,West,Graduate,Salaried,,448922.52596122836,Business,566.5324089513019,1,57,0.6271250033656492,2022-03-08,0
859,26.0,Female,South,Primary,Salaried,717233.1600785566,210159.31595708424,Other,682.7116503053345,5,62,0.30778189082068036,2018-09-13,0
860,,Male,South,Primary,Self-Employed,517517.2363567039,190018.26419974427,Car,618.6780510253918,5,35,0.7556021980496486,2016-09-09,0
861,64.0,Female,South,Primary,Salaried,651439.7940711855,232803.87467404114,Car,513.8910752208642,0,24,0.7496420075389776,2016-02-07,0
862,39.0,Male,South,Post-Graduate,Self-Employed,551866.9650939574,289640.2407468455,Other,671.3235594530552,5,35,0.36612239294272375,2017-09-20,0
863,64.0,Female,North,Post-Graduate,Self-Employed,601576.0369389456,227482.457311929,Car,660.7543332091308,3,26,0.4020664118728223,2018-09-13,0
864,47.0,Male,East,Graduate,Self-Employed,534877.7895702993,60399.074807895435,Home,688.0079108273296,2,70,0.8565915058216478,2020-09-21,0
865,60.0,Female,North,Primary,Salaried,567132.9588229217,322927.7187342908,Home,649.6881636766099,3,20,0.7779700121856346,2021-09-24,0
866,34.0,Male,West,Post-Graduate,Salaried,642418.6706148351,50000.0,Other,846.3463730821823,4,28,0.6884579231437666,2020-01-17,0
867,43.0,Female,North,Graduate,Self-Employed,401328.26008360984,50000.0,Business,741.3869835746913,3,37,0.2575632550574204,2020-08-28,1
868,,Female,North,Primary,Unemployed,396824.2346020043,360877.07420523517,Home,660.0309341102818,1,64,0.492784856631803,2016-10-31,0
869,18.0,Male,West,Secondary,Self-Employed,322291.4892337578,326053.0408203035,Home,694.909853004211,5,77,0.5915113104537789,2020-10-04,0
870,25.0,Male,South,Primary,Salaried,279945.779099258,241390.6952388946,Other,813.1714133996278,5,66,0.33118790158864386,2022-03-30,0
871,52.0,Male,South,Primary,Salaried,356543.4615559041,50000.0,Education,776.5298249388393,1,22,0.5137586074757572,2016-09-01,0
872,32.0,Female,South,Post-Graduate,Salaried,631892.5013608258,143813.3588988887,Car,588.3030548499974,5,43,0.620718114242083,2020-10-10,0
873,64.0,Female,East,Graduate,Self-Employed,421442.4969016232,210587.9878470244,Home,622.0567551338696,3,47,0.42916367608077943,2022-01-14,0
874,39.0,Female,West,Graduate,Salaried,702722.8928462192,50000.0,Education,637.4522500781328,4,29,0.7466613732653411,2018-10-21,1
875,31.0,Male,West,Post-Graduate,Salaried,606942.7497505124,139145.70129651506,Business,664.8240039251353,0,28,0.7883147071471639,2016-08-04,0
876,,Male,North,Primary,Self-Employed,206299.15731238923,347849.55072650197,Education,652.3661437699166,1,32,0.4265266286038495,2017-05-21,0
877,45.0,Female,East,Secondary,Salaried,730995.1168443379,464095.80464338243,Other,702.7207403888862,3,67,0.7870600081447199,2018-01-30,0
878,40.0,Female,South,Primary,Self-Employed,762159.729118342,187084.7871012174,Business,758.857704881511,3,54,0.2725035962721105,2018-11-19,1
879,31.0,Other,East,Primary,Salaried,401227.4650330293,363473.25314741477,Business,772.2128231505989,3,73,0.7864103690358595,2021-03-19,1
880,41.0,Male,West,Secondary,Salaried,684038.3085789983,50000.0,Education,673.8562125680568,0,42,0.3069253021673316,2016-10-01,1
881,19.0,Female,West,Post-Graduate,Salaried,428700.35251816025,348917.6861670417,Other,569.2245184996483,2,66,0.25804900675680825,2017-05-06,0
882,62.0,Male,North,Graduate,Self-Employed,619534.0753496671,129407.73779087784,Home,,5,36,0.6492427831087078,2018-04-06,1
883,43.0,Male,North,Post-Graduate,Salaried,347100.3186090069,296101.84250619553,Education,658.4180168295976,5,65,0.530356156028706,2018-08-08,0
884,31.0,Female,West,Post-Graduate,Salaried,241378.70949308464,212837.13726404362,Home,600.3972432598914,4,26,0.835523420288983,2019-03-24,0
885,24.0,Female,South,Primary,Unemployed,523436.56207740627,448062.1014675751,Education,791.2687189361291,2,71,0.45423243726359447,2019-01-05,1
886,20.0,Other,South,Graduate,Salaried,575254.2107450328,118834.65274901228,Home,605.6367153135418,5,35,0.40100658440634007,2020-06-24,1
887,64.0,Male,East,Graduate,Salaried,520464.06127707916,344140.94463427464,Education,749.3650435788162,4,72,0.5505144343009388,2019-12-26,0
888,40.0,Male,West,Post-Graduate,Salaried,1089581.6650664643,416147.76101103995,Business,565.4495715981969,4,59,0.5191623300380629,2016-02-08,0
889,63.0,Female,West,Secondary,Salaried,520020.18757377256,226254.17829855043,Car,752.5760881036842,3,55,0.44109963235203176,2022-04-05,0
890,60.0,Female,South,Post-Graduate,Self-Employed,653858.9505161468,222421.91602611856,Business,688.8585034665931,1,39,0.68561890908883,2021-12-09,0
891,64.0,Male,South,Secondary,Salaried,591021.3939754926,123149.03432588305,Home,821.002456184204,3,43,0.7316932837397359,2016-05-23,0
892,62.0,Male,West,Graduate,Salaried,636500.2061198427,247885.15511399927,Other,609.4749914762936,0,66,0.7970887783210956,2022-08-12,1
893,35.0,Male,North,Post-Graduate,Salaried,465976.9599091534,240602.7666817268,Business,654.8708159510725,5,24,0.8809996232972399,2018-01-28,0
894,55.0,Female,West,Primary,Self-Employed,834343.5829432319,286186.0372610094,Car,670.3653918871648,4,64,0.38665933449275314,2016-09-03,1
895,52.0,Male,West,Post-Graduate,Salaried,364765.33268904383,262675.7718539294,Home,687.7999943879751,1,25,0.701265437742973,2018-02-03,1
896,32.0,Male,South,Graduate,Salaried,697512.0594173437,369699.1824418354,Business,672.3215335278007,5,47,0.4759807648470217,2022-08-19,0
897,42.0,Male,South,Primary,Salaried,836378.2185919923,388526.2924071053,Education,673.8657147272811,4,78,0.6739573803657757,2019-08-07,1
898,54.0,Male,North,Primary,Salaried,696181.618549779,92406.50172582982,Other,672.5549965291469,4,24,0.5331871832444542,2016-07-25,0
899,45.0,Male,North,Secondary,Salaried,559495.154587034,380315.8750886157,Home,534.3056093935627,3,68,0.8956411719375521,2021-07-11,0
900,27.0,Female,East,Primary,Salaried,494340.5906674042,72049.53593352184,Business,779.4667601286214,1,58,0.7102314950535249,2022-04-08,0
901,56.0,Male,West,Primary,Self-Employed,807217.5302092512,338178.38322066027,Home,850.0,1,57,0.8667439103040271,2022-06-07,0
902,34.0,Female,South,Post-Graduate,Salaried,315405.0149476654,342960.8177054303,Education,723.8616883680791,5,21,0.7844786846368299,2019-08-10,1
903,56.0,Male,North,Graduate,Unemployed,405975.1479240713,50000.0,Car,609.1399321713365,4,62,0.8320307078143596,2017-12-01,1
904,39.0,Female,East,Secondary,Unemployed,520488.44690165576,263946.8869794115,Business,617.236909532137,1,58,0.7700934380502724,2016-10-14,0
905,,Female,East,Post-Graduate,Salaried,847530.7515023996,179725.58299595263,Home,749.0539201513254,1,73,0.521411391263138,2022-01-10,1
906,61.0,Female,South,Primary,Salaried,675953.5272081792,136185.21130969375,Home,730.8375580678595,5,40,0.37625191734281904,2020-05-12,0
907,42.0,Female,South,Primary,Salaried,406390.8482979509,452627.8496048508,Home,677.2567911557329,3,59,0.45922412281536557,2022-10-06,1
908,34.0,Male,East,Secondary,,537938.4589230192,151948.12890438718,Car,760.2723496703348,2,56,0.21416536284796533,2018-04-29,0
909,30.0,Male,North,Graduate,Salaried,477135.3711807411,129043.46063229252,Home,,0,78,0.566795217225267,2016-02-19,0
910,37.0,Female,East,Secondary,Salaried,458042.201553293,261354.241000764,Other,760.3249701784899,2,37,0.5535404601892862,2019-05-15,0
911,42.0,Other,West,Post-Graduate,Salaried,795777.9117113559,352838.46194476244,Other,719.0208931675915,1,73,0.5676753253813418,2022-03-10,0
912,21.0,Female,West,Secondary,Self-Employed,976954.1224418966,457505.4241969619,Home,620.3241607373415,4,67,0.8818218574804446,2021-03-23,0
913,27.0,Female,South,Primary,Self-Employed,921756.1711468747,424955.58185038785,Other,585.3340857295452,0,65,0.8380178024183875,2020-08-13,1
914,20.0,Female,North,Post-Graduate,Salaried,765645.9380369246,329646.3492946136,Business,709.7061826196502,0,31,0.3131989448310756,2020-10-06,0
915,58.0,Male,North,Primary,Self-Employed,818172.3341207396,50000.0,Other,812.5790509414211,4,36,0.45821776508912243,2019-09-05,1
916,62.0,Male,West,Graduate,Salaried,507412.09759494837,170579.95547394876,Home,681.7525414402372,0,56,0.49676932562428333,2020-11-25,1
917,35.0,Female,East,Primary,Salaried,570011.8561841781,165723.68509724515,Education,631.7851987013728,4,65,0.45237304249615345,2021-05-14,0
918,64.0,Female,South,Primary,Self-Employed,313369.6370950576,321904.14301441336,Business,715.3030608109002,0,57,0.7589471745227392,2018-12-24,0
919,53.0,Male,East,Secondary,Salaried,495067.51858663943,50000.0,Car,845.6697448098779,5,34,0.5668263689073109,2019-03-01,1
920,64.0,Female,East,Primary,Salaried,698730.9695286301,632351.4563076583,Home,734.5039850450974,5,26,0.6004698718801376,2022-07-09,0
921,39.0,Male,East,Post-Graduate,Salaried,859212.6123562793,329653.9142341315,Car,743.1521590567527,2,33,0.7971094912915477,2016-02-01,0
922,51.0,Female,North,Post-Graduate,Self-Employed,378568.6366395097,272331.5205876537,Education,797.8238908776445,0,69,0.764149707390751,2018-05-17,0
923,64.0,Male,West,Graduate,Self-Employed,526898.8126029468,427235.157462872,Car,737.8045919507058,3,20,0.2925480659742098,2019-06-20,0
924,25.0,Male,North,Post-Graduate,Self-Employed,569740.1559534955,601548.1079218937,Home,637.5224234271876,4,57,0.699740208858544,2019-04-30,1
925,57.0,Female,West,Secondary,Self-Employed,320842.159561503,380611.99668826046,Home,560.4348038481571,0,22,0.5048052902314248,2019-03-11,0
926,61.0,Male,South,Graduate,Salaried,718269.8483516801,392321.96447074297,Education,626.267750417739,5,56,0.40625423214375034,2020-08-10,0
927,36.0,Female,South,Post-Graduate,Salaried,455201.93365147815,269603.50366965734,Home,611.621895592186,5,63,0.23501317463153046,2017-08-23,0
928,59.0,Female,East,Secondary,Salaried,560921.9297645952,228771.13699495775,Education,752.7446495609062,4,50,0.5410746922418157,2021-07-18,1
929,58.0,Female,West,Post-Graduate,Salaried,509610.1256176245,178630.68339926482,Education,763.8678441079286,3,62,0.44880567650717196,2020-05-03,1
930,54.0,Male,West,Post-Graduate,Salaried,442132.29885606514,126083.20124281869,Home,714.045764937239,0,32,0.3760591277734806,2018-09-14,0
931,23.0,Male,West,Primary,Unemployed,598591.002903889,146947.88504507538,Other,598.5046418525461,0,67,0.6862702107178702,2019-04-29,0
932,43.0,Male,East,Post-Graduate,Salaried,556878.0842863956,50000.0,Education,842.9277619141357,3,37,0.738639771120911,2021-05-19,0
933,51.0,Other,East,Post-Graduate,Salaried,525628.4235442668,238619.2823972465,Home,666.703182892833,3,36,0.37135266332059735,2019-12-10,0
934,62.0,Female,South,Secondary,Salaried,454307.6756639314,50000.0,Other,748.2784808241229,3,36,0.23461320567554309,2017-06-03,0
935,23.0,Female,North,Secondary,Salaried,663904.9341565911,278637.4786215566,Education,703.9459869359647,5,30,0.7941268903956644,2020-10-24,1
936,54.0,Female,West,Primary,Unemployed,930723.453698457,244550.40879364873,Other,716.6930786599931,4,39,0.20697181884301233,2018-05-18,0
937,50.0,Female,West,Post-Graduate,Salaried,627977.4465678255,272040.29475800315,Business,745.4547202672318,3,29,0.8559787457450303,2021-08-25,0
938,39.0,Female,North,Primary,Salaried,799223.6429822257,171680.26449700113,Business,644.3183870719239,4,48,0.6393339117878941,2021-01-05,1
939,38.0,Male,West,Post-Graduate,Self-Employed,321955.61496930744,711529.0555270755,Other,804.4321941012133,2,67,0.4252926446409242,2019-02-03,0
940,23.0,Female,East,Graduate,Salaried,631552.2878587539,454017.3850270469,Education,573.6395666330181,0,53,0.37253453670371534,2016-10-09,0
941,23.0,Male,East,Graduate,Salaried,380526.3362057867,63318.62498729158,Home,616.9154955171292,0,36,0.20630396498513268,2016-12-26,0
942,21.0,Female,West,Primary,Salaried,304615.01449361973,284930.21311403473,Car,803.3943499469666,1,73,0.364829991907614,2018-11-24,0
943,47.0,Female,East,Primary,Salaried,452125.71850819275,158799.07855940145,Home,747.2003808883577,2,71,0.29640981106199876,2021-11-30,1
944,28.0,Female,East,Primary,Unemployed,838379.8668827146,97828.0409938879,Car,850.0,3,61,0.6285163545062019,2022-06-13,0
945,47.0,Male,West,Secondary,Self-Employed,790003.1657339291,50000.0,Car,705.4680354922505,3,32,0.31658191201566094,2021-04-18,0
946,,Male,South,Secondary,Salaried,648600.94441088,314832.5036138881,Education,836.0343437167274,5,63,0.5700408862756334,2018-08-16,0
947,41.0,Male,North,Secondary,Self-Employed,293459.8880220138,147792.96473956393,Other,551.4016973869277,2,66,0.6130814956411296,2018-12-12,1
948,26.0,Male,East,Primary,Salaried,560743.8697224127,395173.9036037806,Home,586.9188021442244,3,58,0.40862918884284016,2019-01-09,0
949,20.0,Male,South,Post-Graduate,Salaried,660340.0017803471,399067.33217956586,Other,771.6420429933579,1,46,0.2245454643131031,2020-06-27,0
950,48.0,Female,East,Graduate,Salaried,635107.2459157195,456087.1577817174,Business,560.7705739508413,4,73,0.2260777164299373,2019-10-24,1
951,57.0,Female,East,Primary,Salaried,231241.28330385085,122141.98508888447,Education,684.2105914392408,0,72,0.21844313253574232,2022-04-08,0
952,54.0,Male,North,Secondary,Salaried,421936.43039602565,321304.8416038015,Education,793.3767266917727,2,45,0.7173872669955823,2016-01-31,1
953,53.0,Male,East,Secondary,Self-Employed,587184.4471702566,344868.1324963451,Business,740.0937011590935,0,47,0.4226067933700087,2017-12-04,0
954,41.0,Male,North,Primary,Unemployed,707258.181903438,178873.2737344053,Home,700.8876176255663,4,32,0.7574101301773646,2018-05-18,0
955,48.0,Female,North,Primary,Salaried,160774.4357800107,134234.20639106876,Business,664.0714024936548,2,31,0.5022129766899944,2019-10-16,0
956,23.0,Female,North,Secondary,Salaried,567575.2049040283,491428.09986639593,Home,716.1780699673571,4,63,0.5170986705809747,2016-08-20,0
957,19.0,Female,South,Post-Graduate,Salaried,628609.7539757905,284124.38135980803,Car,,3,47,0.5590178217567017,2018-11-23,0
958,37.0,Female,West,Secondary,Salaried,769922.3977032426,345395.1626067607,Education,647.1284530411053,3,21,0.6991220194625727,2019-06-20,0
959,45.0,Other,South,Secondary,Salaried,738571.5168474873,126688.59822581089,Home,729.7388822409638,3,56,0.39145200608079495,2018-08-08,0
960,28.0,Female,West,Primary,Salaried,716514.263761761,67107.33002167093,Other,786.2744595358969,4,76,0.2851111446734688,2016-02-28,0
961,21.0,Male,West,Post-Graduate,Self-Employed,440011.89865961316,164582.53382618344,Other,682.2017493360113,4,76,0.589240134634023,2016-10-28,0
962,32.0,Female,North,Secondary,Salaried,218399.57257533848,231396.79189150044,Education,705.4498280112522,4,53,0.4288843362699175,2021-08-07,1
963,23.0,Male,East,Secondary,Salaried,521389.4485877198,90366.99897739768,Business,738.7023067202222,0,42,0.5097439195676261,2021-11-29,0
964,47.0,Female,North,Graduate,Salaried,800326.3650417121,248523.27870244256,Business,744.1067372871795,4,77,0.6528626958361137,2021-04-07,1
965,55.0,Male,East,Primary,Salaried,,50000.0,Home,770.2762858398752,3,71,0.5458880187988895,2016-11-12,0
966,19.0,Female,West,Graduate,Salaried,742109.820459557,81992.88662951917,Business,,1,64,0.63419517197059,2021-03-03,0
967,32.0,Female,North,Graduate,Self-Employed,685868.1645603469,350636.68724153127,Education,657.6861998091752,4,48,0.5809400014795395,2019-03-14,0
968,28.0,Female,East,Secondary,Salaried,675927.929677193,340568.5780416841,Home,660.6497046360276,1,54,0.7178574603552694,2017-11-20,1
969,25.0,Female,South,Primary,Self-Employed,488776.2506478439,191218.48519197004,Car,627.6870267869858,3,30,0.6941556323981339,2021-02-24,1
970,43.0,Male,East,Post-Graduate,,573987.941289276,97335.35363845705,Business,556.1268862913748,4,67,0.5739329242660334,2021-05-07,0
971,62.0,Male,North,Secondary,Salaried,933813.9051652662,95889.46727109837,Business,439.64168469618335,0,52,0.6752321146017948,2016-01-18,1
972,61.0,Male,South,Post-Graduate,Salaried,411488.39884162473,194009.7631088029,Home,795.6362169402385,0,70,0.8114917215908288,2019-03-24,0
973,22.0,Male,East,Post-Graduate,Self-Employed,922955.7581419703,346677.77374679374,Other,575.6885596441966,1,30,0.502589901451718,2020-03-09,0
974,23.0,Female,East,Primary,Salaried,535594.3691015883,389236.85370164865,Business,825.3207301364727,5,28,0.48893415092415554,2018-02-16,1
975,43.0,Male,East,Graduate,Self-Employed,865086.4218190156,175520.23967770464,Education,759.152759089317,0,33,0.7349719345966661,2016-12-25,1
976,21.0,Other,East,Primary,Salaried,318636.99810049235,76976.13610228241,Business,667.5449296154998,0,28,0.6077876859293958,2016-11-27,1
977,36.0,Female,East,Post-Graduate,Self-Employed,717180.8402329298,290176.54567995,Car,749.3137683851787,0,58,0.249704746155812,2021-04-25,0
978,37.0,Female,South,Secondary,Salaried,452645.9728104756,126469.75440612258,Business,734.0106597370977,3,67,0.8244784109837568,2017-06-11,0
979,50.0,Male,West,Post-Graduate,Self-Employed,,172262.10417081963,Other,611.8580509648181,0,22,0.2215481715663481,2021-08-21,0
980,37.0,Female,South,Secondary,Salaried,643706.8084821892,448791.4135655556,Business,698.8017781096296,2,48,0.7238774493468201,2019-01-03,0
981,29.0,Female,South,Secondary,Unemployed,801894.3577191937,374067.3142848652,Home,621.6128981966806,4,38,0.731155899893019,2016-07-30,1
982,64.0,Female,South,Primary,Salaried,431011.7122813007,273696.14683771774,Business,752.3302401736873,0,55,0.8671777596973513,2020-09-10,0
983,18.0,Female,West,Post-Graduate,Salaried,,59212.149833091564,Other,642.782323856049,5,51,0.23789408588162453,2022-05-19,0
984,43.0,Female,North,Graduate,Salaried,581631.047133009,281709.4851205988,Home,,5,26,0.6177998025491437,2018-11-19,0
985,31.0,Male,West,Post-Graduate,Self-Employed,582512.9342445638,409398.593618129,Education,688.81608647914,0,74,0.499488399438937,2018-10-29,0
986,55.0,Female,South,Post-Graduate,Salaried,709663.9255108997,193654.95013516967,Home,709.7263200431506,0,47,0.43144306840167945,2019-08-25,0
987,54.0,Male,East,Graduate,Self-Employed,,452667.1134980073,Car,833.0044064891217,2,63,0.26322299220935114,2019-08-26,0
988,28.0,Male,East,Primary,Salaried,588116.9637455011,443911.793427731,Home,680.7231533715266,0,37,0.5938578837699164,2022-10-09,1
989,53.0,Male,South,Post-Graduate,Salaried,971100.6629588526,499559.92482152104,Education,797.4341713579612,0,79,0.5353285079722295,2021-01-14,0
990,30.0,Male,East,Post-Graduate,Salaried,644846.9489070583,295786.4689797029,Business,738.399759546803,4,24,0.27318812070571696,2020-11-30,1
991,60.0,Male,South,Secondary,Unemployed,530714.6987986201,338108.7549709018,Home,813.4722036829266,5,42,0.6287426549679583,2020-09-23,0
992,20.0,Male,East,Post-Graduate,Self-Employed,277686.5281794344,462128.0932496635,Home,672.9251372148144,2,74,0.7165671841770569,2017-08-13,0
993,,Other,West,Graduate,Unemployed,547468.0959367665,317109.0905603464,Home,755.6908993575654,5,41,0.7370948107375537,2020-09-10,0
994,23.0,Female,North,Secondary,Salaried,532722.6109177727,174814.8838314681,Home,695.2585581919727,2,45,0.8337612317836991,2021-11-08,1
995,27.0,Other,North,Primary,Self-Employed,792060.9592562941,182718.5745208208,Education,460.8485583069429,5,61,0.48662951932214404,2017-03-31,0
996,22.0,Male,West,Secondary,Self-Employed,692496.7248133708,285783.2430660609,Other,612.812513198362,0,31,0.8671509380354958,2017-03-19,0
997,,Male,West,Graduate,Salaried,1092378.5270204297,112831.5734161344,Other,746.5901556762201,5,59,0.8058005835578803,2016-03-19,0
998,27.0,Female,South,Graduate,Self-Employed,634450.8772822075,228511.1626953711,Home,741.3011933023998,5,38,0.4075510997167573,2020-02-07,0
999,61.0,Male,South,Secondary,Unemployed,734306.2343458107,414482.06773453805,Education,596.4018089092061,2,66,0.3114981261446209,2018-07-15,1
1000,19.0,Male,South,Primary,Self-Employed,905606.2718775666,50000.0,Education,,1,20,0.5047725772896094,2021-11-20,1
